Workbook

Sheet Regular Season Standings
B2: Seed | C2: Pod A | D2: Record | E2: Cup Diff | F2: Shooting % | H2: Seed | I2: Pod E | J2: Record | K2: Cup Diff | L2: Shooting %
B3: 1 | C3: Pierre/Anson | D3: 3-0 | E3: +7 | F3: {=xlookup("Anson/Pierre",'Team Stats'!B:B,'Team Stats'!C:C)} -> 0.28494624 | H3: 1 | I3: Bonn/Ale | J3: 1-2 | K3: +0 | L3: {=xlookup("Alejandro/Bonn",'Team Stats'!B:B,'Team Stats'!C:C)} -> 0.22413793
B4: 2 | C4: Giacomo/Skatz | D4: 1-2 | E4: +0 | F4: {=xlookup("Giacomo/Skatz",'Team Stats'!B:B,'Team Stats'!C:C)} -> 0.20529801 | H4: 2 | I4: Curtis/Ronilo | J4: 1-2 | K4: -6 | L4: {=xlookup("Curtis/Ronilo",'Team Stats'!B:B,'Team Stats'!C:C)} -> 0.16528926
B5: 3 | C5: Toban/Homo | D5: 2-1 | E5: -3 | F5: {=xlookup("Toban/Homo",'Team Stats'!B:B,'Team Stats'!C:C)} -> 0.23076923 | H5: 3 | I5: Bash/Grant Mullen | J5: 2-1 | K5: +3 | L5: {=xlookup("Bash/Grant Mullen",'Team Stats'!B:B,'Team Stats'!C:C)} -> 0.17
B6: 4 | C6: Arturo/Griss | D6: 0-3 | E6: -4 | F6: {=xlookup("Arturo/Griss",'Team Stats'!B:B,'Team Stats'!C:C)} -> 0.21666667 | H6: 4 | I6: Shuford/JP | J6: 2-1 | K6: +3 | L6: {=xlookup("JP/Ford",'Team Stats'!B:B,'Team Stats'!C:C)} -> 0.24683544
C8: Pod B | I8: Pod F
B9: 1 | C9: Cam/Ham | D9: 2-1 | E9: +1 | F9: {=xlookup("Camden/Hamoui",'Team Stats'!B:B,'Team Stats'!C:C)} -> 0.17721519 | H9: 1 | I9: Naman/Liam | J9: 2-1 | K9: +1 | L9: {=xlookup("Naman/Liam",'Team Stats'!B:B,'Team Stats'!C:C)} -> 0.24503311
B10: 2 | C10: Wigs/Boggs | D10: 3-0 | E10: +5 | F10: {=xlookup("Wigs/Boggs",'Team Stats'!B:B,'Team Stats'!C:C)} -> 0.27722772 | H10: 2 | I10: Isaiah/Mike | J10: 1-2 | K10: +0 | L10: {=xlookup("Isaiah/Mike Miller",'Team Stats'!B:B,'Team Stats'!C:C)} -> 0.22368421
B11: 3 | C11: Bello/Keith | D11: 0-3 | E11: -6 | F11: {=xlookup("Bello/Keith",'Team Stats'!B:B,'Team Stats'!C:C)} -> 0.22222222 | H11: 3 | I11: Digs/Manndrew | J11: 0-3 | K11: -6 | L11: {=xlookup("Digs/Manndrew",'Team Stats'!B:B,'Team Stats'!C:C)} -> 0.20689655
B12: 4 | C12: Cestero/Messina | D12: 1-2 | E12: +0 | F12: {=xlookup("Cestero/Messina",'Team Stats'!B:B,'Team Stats'!C:C)} -> 0.26213592 | H12: 4 | I12: Reed/Pranav | J12: 3-0 | K12: +5 | L12: {=xlookup("Reed/Pranav",'Team Stats'!B:B,'Team Stats'!C:C)} -> 0.18139535
C14: Pod C | I14: Pod G
B15: 1 | C15: Everett/Hulu | D15: 3-0 | E15: +7 | F15: {=xlookup("Everett/Hulu",'Team Stats'!B:B,'Team Stats'!C:C)} -> 0.2027027 | H15: 1 | I15: Vish/Akash | J15: 1-2 | K15: -4 | L15: {=xlookup("Kavishka/Akash",'Team Stats'!B:B,'Team Stats'!C:C)} -> 0.24
B16: 2 | C16: Blume/Raza | D16: 2-1 | E16: +3 | F16: {=xlookup("Blume/Raza",'Team Stats'!B:B,'Team Stats'!C:C)} -> 0.33333333 | H16: 2 | I16: Brock/Vinny | J16: 2-1 | K16: +5 | L16: {=xlookup("Brock/Vinny",'Team Stats'!B:B,'Team Stats'!C:C)} -> 0.26515152
B17: 3 | C17: Plump/Voelker | D17: 1-2 | E17: -2 | F17: {=xlookup("Plump/Voelkbeezy",'Team Stats'!B:B,'Team Stats'!C:C)} -> 0.2 | H17: 3 | I17: Mati/Takoa | J17: 2-1 | K17: +1 | L17: {=xlookup("Mati/Takoa",'Team Stats'!B:B,'Team Stats'!C:C)} -> 0.26229508
B18: 4 | C18: PJ/Chrizz | D18: 0-3 | E18: -8 | F18: {=xlookup("PJ/Chris Connors",'Team Stats'!B:B,'Team Stats'!C:C)} -> 0.16901408 | H18: 4 | I18: Albright/Wilder | J18: 1-2 | K18: -2 | L18: {=xlookup("Albright/Wilder",'Team Stats'!B:B,'Team Stats'!C:C)} -> 0.23636364
C20: Pod D | I20: Pod H
B21: 1 | C21: Chuckdee/Sarch | D21: 2-1 | E21: +8 | F21: {=xlookup("Charlie/Sarchio",'Team Stats'!B:B,'Team Stats'!C:C)} -> 0.33636364 | H21: 1 | I21: Schreder/Matian | J21: 1-2 | K21: -1 | L21: {=xlookup("Schreder/Dylan and Matian",'Team Stats'!B:B,'Team Stats'!C:C)} -> 0.28723404
B22: 2 | C22: Brando/Heath | D22: 3-0 | E22: +8 | F22: {=xlookup("Brando/Heath",'Team Stats'!B:B,'Team Stats'!C:C)} -> 0.32857143 | H22: 2 | I22: Creamer/Hudson | J22: 2-1 | K22: +4 | L22: {=xlookup("Creamer/Hudson",'Team Stats'!B:B,'Team Stats'!C:C)} -> 0.2875
B23: 3 | C23: Creditor/King | D23: 0-3 | E23: -9 | F23: {=xlookup("Creditor/King",'Team Stats'!B:B,'Team Stats'!C:C)} -> 0.31343284 | H23: 3 | I23: Tolsma/Emilio | J23: 2-1 | K23: +0 | L23: {=xlookup("Emilio/Tolsma",'Team Stats'!B:B,'Team Stats'!C:C)} -> 0.23809524
B24: 4 | C24: Shawnak/Mackie | D24: 1-2 | E24: -7 | F24: {=xlookup("Shawnak/Mackie",'Team Stats'!B:B,'Team Stats'!C:C)} -> 0.29032258 | H24: 4 | I24: The Kid/Baby Glizz | J24: 1-2 | K24: -3 | L24: {=xlookup("The Kid/Baby Glizz",'Team Stats'!B:B,'Team Stats'!C:C)} -> 0.22727273

Sheet Season Stats
B2: Shooter | C2: Shooting | D2: Cups Made | E2: Cups Missed | F2: Splash-Out | G2: Guy | H2: Tri | I2: Di | J2: Un | K2: Vom
B3: Joe Raza | C3: =IFERROR((D3/(D3+E3)),0) -> 0.43589744 | D3: =SUMIFS(AllData!D:D, AllData!B:B, B3) -> 17 | E3: =SUMIFS(AllData!C:C, AllData!B:B, B3) -> 22 | F3: =SUMIFS(AllData!E:E, AllData!B:B, B3) -> 1 | G3: =SUMIFS(AllData!F:F, AllData!B:B, B3) -> 2 | H3: =SUMIFS(AllData!G:G, AllData!B:B, B3) -> 1 | I3: =SUMIFS(AllData!H:H, AllData!B:B, B3) -> 0 | J3: 0 | K3: =SUMIFS(AllData!I:I, AllData!B:B, B3) -> 0
B4: Charlie Truesdale | C4: =IFERROR((D4/(D4+E4)),0) -> 0.40740741 | D4: =SUMIFS(AllData!D:D, AllData!B:B, B4) -> 22 | E4: =SUMIFS(AllData!C:C, AllData!B:B, B4) -> 32 | F4: =SUMIFS(AllData!E:E, AllData!B:B, B4) -> 2 | G4: =SUMIFS(AllData!F:F, AllData!B:B, B4) -> 1 | H4: =SUMIFS(AllData!G:G, AllData!B:B, B4) -> 0 | I4: =SUMIFS(AllData!H:H, AllData!B:B, B4) -> 0 | J4: 0 | K4: =SUMIFS(AllData!I:I, AllData!B:B, B4) -> 0
B5: Zach Wilson | C5: =IFERROR((D5/(D5+E5)),0) -> 0.36842105 | D5: =SUMIFS(AllData!D:D, AllData!B:B, B5) -> 7 | E5: =SUMIFS(AllData!C:C, AllData!B:B, B5) -> 12 | F5: =SUMIFS(AllData!E:E, AllData!B:B, B5) -> 1 | G5: =SUMIFS(AllData!F:F, AllData!B:B, B5) -> 2 | H5: =SUMIFS(AllData!G:G, AllData!B:B, B5) -> 0 | I5: =SUMIFS(AllData!H:H, AllData!B:B, B5) -> 0 | J5: 0 | K5: =SUMIFS(AllData!I:I, AllData!B:B, B5) -> 0
B6: Heath Lawry | C6: =IFERROR((D6/(D6+E6)),0) -> 0.35714286 | D6: =SUMIFS(AllData!D:D, AllData!B:B, B6) -> 25 | E6: =SUMIFS(AllData!C:C, AllData!B:B, B6) -> 45 | F6: =SUMIFS(AllData!E:E, AllData!B:B, B6) -> 3 | G6: =SUMIFS(AllData!F:F, AllData!B:B, B6) -> 4 | H6: =SUMIFS(AllData!G:G, AllData!B:B, B6) -> 1 | I6: =SUMIFS(AllData!H:H, AllData!B:B, B6) -> 0 | J6: 0 | K6: =SUMIFS(AllData!I:I, AllData!B:B, B6) -> 0
B7: Matt Schreder | C7: =IFERROR((D7/(D7+E7)),0) -> 0.33333333 | D7: =SUMIFS(AllData!D:D, AllData!B:B, B7) -> 15 | E7: =SUMIFS(AllData!C:C, AllData!B:B, B7) -> 30 | F7: =SUMIFS(AllData!E:E, AllData!B:B, B7) -> 2 | G7: =SUMIFS(AllData!F:F, AllData!B:B, B7) -> 3 | H7: =SUMIFS(AllData!G:G, AllData!B:B, B7) -> 0 | I7: =SUMIFS(AllData!H:H, AllData!B:B, B7) -> 0 | J7: 0 | K7: =SUMIFS(AllData!I:I, AllData!B:B, B7) -> 1
B8: Charlie King | C8: =IFERROR((D8/(D8+E8)),0) -> 0.33333333 | D8: =SUMIFS(AllData!D:D, AllData!B:B, B8) -> 12 | E8: =SUMIFS(AllData!C:C, AllData!B:B, B8) -> 24 | F8: =SUMIFS(AllData!E:E, AllData!B:B, B8) -> 2 | G8: =SUMIFS(AllData!F:F, AllData!B:B, B8) -> 0 | H8: =SUMIFS(AllData!G:G, AllData!B:B, B8) -> 0 | I8: =SUMIFS(AllData!H:H, AllData!B:B, B8) -> 0 | J8: 0 | K8: =SUMIFS(AllData!I:I, AllData!B:B, B8) -> 0
B9: Drew Albright | C9: =IFERROR((D9/(D9+E9)),0) -> 0.32727273 | D9: =SUMIFS(AllData!D:D, AllData!B:B, B9) -> 18 | E9: =SUMIFS(AllData!C:C, AllData!B:B, B9) -> 37 | F9: =SUMIFS(AllData!E:E, AllData!B:B, B9) -> 5 | G9: =SUMIFS(AllData!F:F, AllData!B:B, B9) -> 0 | H9: =SUMIFS(AllData!G:G, AllData!B:B, B9) -> 0 | I9: =SUMIFS(AllData!H:H, AllData!B:B, B9) -> 0 | J9: 0 | K9: =SUMIFS(AllData!I:I, AllData!B:B, B9) -> 0
B10: Shawnak Shenoy | C10: =IFERROR((D10/(D10+E10)),0) -> 0.32258065 | D10: =SUMIFS(AllData!D:D, AllData!B:B, B10) -> 10 | E10: =SUMIFS(AllData!C:C, AllData!B:B, B10) -> 21 | F10: =SUMIFS(AllData!E:E, AllData!B:B, B10) -> 0 | G10: =SUMIFS(AllData!F:F, AllData!B:B, B10) -> 1 | H10: =SUMIFS(AllData!G:G, AllData!B:B, B10) -> 0 | I10: =SUMIFS(AllData!H:H, AllData!B:B, B10) -> 0 | J10: 0 | K10: =SUMIFS(AllData!I:I, AllData!B:B, B10) -> 0
B11: Will Creamer | C11: =IFERROR((D11/(D11+E11)),0) -> 0.32098765 | D11: =SUMIFS(AllData!D:D, AllData!B:B, B11) -> 26 | E11: =SUMIFS(AllData!C:C, AllData!B:B, B11) -> 55 | F11: =SUMIFS(AllData!E:E, AllData!B:B, B11) -> 1 | G11: =SUMIFS(AllData!F:F, AllData!B:B, B11) -> 7 | H11: =SUMIFS(AllData!G:G, AllData!B:B, B11) -> 1 | I11: =SUMIFS(AllData!H:H, AllData!B:B, B11) -> 0 | J11: 0 | K11: =SUMIFS(AllData!I:I, AllData!B:B, B11) -> 0
B12: Anson Mies | C12: =IFERROR((D12/(D12+E12)),0) -> 0.31914894 | D12: =SUMIFS(AllData!D:D, AllData!B:B, B12) -> 30 | E12: =SUMIFS(AllData!C:C, AllData!B:B, B12) -> 64 | F12: =SUMIFS(AllData!E:E, AllData!B:B, B12) -> 3 | G12: =SUMIFS(AllData!F:F, AllData!B:B, B12) -> 3 | H12: =SUMIFS(AllData!G:G, AllData!B:B, B12) -> 0 | I12: =SUMIFS(AllData!H:H, AllData!B:B, B12) -> 0 | J12: 0 | K12: =SUMIFS(AllData!I:I, AllData!B:B, B12) -> 0
B13: Brock Benton | C13: =IFERROR((D13/(D13+E13)),0) -> 0.3030303 | D13: =SUMIFS(AllData!D:D, AllData!B:B, B13) -> 20 | E13: =SUMIFS(AllData!C:C, AllData!B:B, B13) -> 46 | F13: =SUMIFS(AllData!E:E, AllData!B:B, B13) -> 4 | G13: =SUMIFS(AllData!F:F, AllData!B:B, B13) -> 3 | H13: =SUMIFS(AllData!G:G, AllData!B:B, B13) -> 0 | I13: =SUMIFS(AllData!H:H, AllData!B:B, B13) -> 0 | J13: 0 | K13: =SUMIFS(AllData!I:I, AllData!B:B, B13) -> 0
B14: Naman Kulkarni | C14: =IFERROR((D14/(D14+E14)),0) -> 0.30263158 | D14: =SUMIFS(AllData!D:D, AllData!B:B, B14) -> 23 | E14: =SUMIFS(AllData!C:C, AllData!B:B, B14) -> 53 | F14: =SUMIFS(AllData!E:E, AllData!B:B, B14) -> 3 | G14: =SUMIFS(AllData!F:F, AllData!B:B, B14) -> 5 | H14: =SUMIFS(AllData!G:G, AllData!B:B, B14) -> 0 | I14: =SUMIFS(AllData!H:H, AllData!B:B, B14) -> 0 | J14: 0 | K14: =SUMIFS(AllData!I:I, AllData!B:B, B14) -> 0
... B67: Andrew Mann | C67: =IFERROR((D67/(D67+E67)),0) -> 0.083333333 | D67: =SUMIFS(AllData!D:D, AllData!B:B, B67) -> 4 | E67: =SUMIFS(AllData!C:C, AllData!B:B, B67) -> 44 | F67: =SUMIFS(AllData!E:E, AllData!B:B, B67) -> 4 | G67: =SUMIFS(AllData!F:F, AllData!B:B, B67) -> 5 | H67: =SUMIFS(AllData!G:G, AllData!B:B, B67) -> 0 | I67: =SUMIFS(AllData!H:H, AllData!B:B, B67) -> 0 | J67: 0 | K67: =SUMIFS(AllData!I:I, AllData!B:B, B67) -> 0

Sheet Team Stats
B2: Team | C2: Shooting | D2: Cups Made | E2: Cups Missed | F2: Splash-Out | G2: Guy | H2: Tri | I2: Di | J2: Un | K2: Vom
B3: Charlie/Sarchio | C3: =IFERROR((D3/(D3+E3)),0) -> 0.33636364 | D3: =sumif('Season Stats'!$B$3:$B$66,"Charlie Truesdale",'Season Stats'!D$3:D$66)+sumif('Season Stats'!$B$3:$B$66, "Evan Sarchio",'Season Stats'!D$3:D$66) -> 37 | E3: =sumif('Season Stats'!$B$3:$B$66,"Charlie Truesdale",'Season Stats'!E$3:E$66)+sumif('Season Stats'!$B$3:$B$66, "Evan Sarchio",'Season Stats'!E$3:E$66) -> 73 | F3: =sumif('Season Stats'!$B$3:$B$66,"Charlie Truesdale",'Season Stats'!F$3:F$66)+sumif('Season Stats'!$B$3:$B$66, "Evan Sarchio",'Season Stats'!F$3:F$66) -> 5 | G3: =sumif('Season Stats'!$B$3:$B$66,"Charlie Truesdale",'Season Stats'!G$3:G$66)+sumif('Season Stats'!$B$3:$B$66, "Evan Sarchio",'Season Stats'!G$3:G$66) -> 3 | H3: =sumif('Season Stats'!$B$3:$B$66,"Charlie Truesdale",'Season Stats'!H$3:H$66)+sumif('Season Stats'!$B$3:$B$66, "Evan Sarchio",'Season Stats'!H$3:H$66) -> 0 | I3: =sumif('Season Stats'!$B$3:$B$66,"Charlie Truesdale",'Season Stats'!I$3:I$66)+sumif('Season Stats'!$B$3:$B$66, "Evan Sarchio",'Season Stats'!I$3:I$66) -> 0 | J3: =sumif('Season Stats'!$B$3:$B$66,"Charlie Truesdale",'Season Stats'!J$3:J$66)+sumif('Season Stats'!$B$3:$B$66, "Evan Sarchio",'Season Stats'!J$3:J$66) -> 0 | K3: =sumif('Season Stats'!$B$3:$B$66,"Charlie Truesdale",'Season Stats'!K$3:K$66)+sumif('Season Stats'!$B$3:$B$66, "Evan Sarchio",'Season Stats'!K$3:K$66) -> 0
B4: Blume/Raza | C4: =IFERROR((D4/(D4+E4)),0) -> 0.33333333 | D4: =sumif('Season Stats'!$B$3:$B$66,"Gabriel Blumenschein",'Season Stats'!D$3:D$66)+sumif('Season Stats'!$B$3:$B$66, "Joe Raza",'Season Stats'!D$3:D$66) -> 26 | E4: =sumif('Season Stats'!$B$3:$B$66,"Gabriel Blumenschein",'Season Stats'!E$3:E$66)+sumif('Season Stats'!$B$3:$B$66, "Joe Raza",'Season Stats'!E$3:E$66) -> 52 | F4: =sumif('Season Stats'!$B$3:$B$66,"Gabriel Blumenschein",'Season Stats'!F$3:F$66)+sumif('Season Stats'!$B$3:$B$66, "Joe Raza",'Season Stats'!F$3:F$66) -> 1 | G4: =sumif('Season Stats'!$B$3:$B$66,"Gabriel Blumenschein",'Season Stats'!G$3:G$66)+sumif('Season Stats'!$B$3:$B$66, "Joe Raza",'Season Stats'!G$3:G$66) -> 7 | H4: =sumif('Season Stats'!$B$3:$B$66,"Gabriel Blumenschein",'Season Stats'!H$3:H$66)+sumif('Season Stats'!$B$3:$B$66, "Joe Raza",'Season Stats'!H$3:H$66) -> 1 | I4: =sumif('Season Stats'!$B$3:$B$66,"Gabriel Blumenschein",'Season Stats'!I$3:I$66)+sumif('Season Stats'!$B$3:$B$66, "Joe Raza",'Season Stats'!I$3:I$66) -> 0 | J4: =sumif('Season Stats'!$B$3:$B$66,"Gabriel Blumenschein",'Season Stats'!J$3:J$66)+sumif('Season Stats'!$B$3:$B$66, "Joe Raza",'Season Stats'!J$3:J$66) -> 0 | K4: =sumif('Season Stats'!$B$3:$B$66,"Gabriel Blumenschein",'Season Stats'!K$3:K$66)+sumif('Season Stats'!$B$3:$B$66, "Joe Raza",'Season Stats'!K$3:K$66) -> 0
B5: Brando/Heath | C5: =IFERROR((D5/(D5+E5)),0) -> 0.32857143 | D5: =sumif('Season Stats'!$B$3:$B$66,"Luke Brandon",'Season Stats'!D$3:D$66)+sumif('Season Stats'!$B$3:$B$66, "Heath Lawry",'Season Stats'!D$3:D$66) -> 46 | E5: =sumif('Season Stats'!$B$3:$B$66,"Luke Brandon",'Season Stats'!E$3:E$66)+sumif('Season Stats'!$B$3:$B$66, "Heath Lawry",'Season Stats'!E$3:E$66) -> 94 | F5: =sumif('Season Stats'!$B$3:$B$66,"Luke Brandon",'Season Stats'!F$3:F$66)+sumif('Season Stats'!$B$3:$B$66, "Heath Lawry",'Season Stats'!F$3:F$66) -> 7 | G5: =sumif('Season Stats'!$B$3:$B$66,"Luke Brandon",'Season Stats'!G$3:G$66)+sumif('Season Stats'!$B$3:$B$66, "Heath Lawry",'Season Stats'!G$3:G$66) -> 5 | H5: =sumif('Season Stats'!$B$3:$B$66,"Luke Brandon",'Season Stats'!H$3:H$66)+sumif('Season Stats'!$B$3:$B$66, "Heath Lawry",'Season Stats'!H$3:H$66) -> 1 | I5: =sumif('Season Stats'!$B$3:$B$66,"Luke Brandon",'Season Stats'!I$3:I$66)+sumif('Season Stats'!$B$3:$B$66, "Heath Lawry",'Season Stats'!I$3:I$66) -> 0 | J5: =sumif('Season Stats'!$B$3:$B$66,"Luke Brandon",'Season Stats'!J$3:J$66)+sumif('Season Stats'!$B$3:$B$66, "Heath Lawry",'Season Stats'!J$3:J$66) -> 0 | K5: =sumif('Season Stats'!$B$3:$B$66,"Luke Brandon",'Season Stats'!K$3:K$66)+sumif('Season Stats'!$B$3:$B$66, "Heath Lawry",'Season Stats'!K$3:K$66) -> 0
B6: Creditor/King | C6: =IFERROR((D6/(D6+E6)),0) -> 0.31343284 | D6: =sumif('Season Stats'!$B$3:$B$66,"Max Creditor",'Season Stats'!D$3:D$66)+sumif('Season Stats'!$B$3:$B$66, "Charlie King",'Season Stats'!D$3:D$66) -> 21 | E6: =sumif('Season Stats'!$B$3:$B$66,"Max Creditor",'Season Stats'!E$3:E$66)+sumif('Season Stats'!$B$3:$B$66, "Charlie King",'Season Stats'!E$3:E$66) -> 46 | F6: =sumif('Season Stats'!$B$3:$B$66,"Max Creditor",'Season Stats'!F$3:F$66)+sumif('Season Stats'!$B$3:$B$66, "Charlie King",'Season Stats'!F$3:F$66) -> 6 | G6: =sumif('Season Stats'!$B$3:$B$66,"Max Creditor",'Season Stats'!G$3:G$66)+sumif('Season Stats'!$B$3:$B$66, "Charlie King",'Season Stats'!G$3:G$66) -> 1 | H6: =sumif('Season Stats'!$B$3:$B$66,"Max Creditor",'Season Stats'!H$3:H$66)+sumif('Season Stats'!$B$3:$B$66, "Charlie King",'Season Stats'!H$3:H$66) -> 0 | I6: =sumif('Season Stats'!$B$3:$B$66,"Max Creditor",'Season Stats'!I$3:I$66)+sumif('Season Stats'!$B$3:$B$66, "Charlie King",'Season Stats'!I$3:I$66) -> 0 | J6: =sumif('Season Stats'!$B$3:$B$66,"Max Creditor",'Season Stats'!J$3:J$66)+sumif('Season Stats'!$B$3:$B$66, "Charlie King",'Season Stats'!J$3:J$66) -> 0 | K6: =sumif('Season Stats'!$B$3:$B$66,"Max Creditor",'Season Stats'!K$3:K$66)+sumif('Season Stats'!$B$3:$B$66, "Charlie King",'Season Stats'!K$3:K$66) -> 1
B7: Shawnak/Mackie | C7: =IFERROR((D7/(D7+E7)),0) -> 0.29032258 | D7: =sumif('Season Stats'!$B$3:$B$66,"Shawnak Shenoy",'Season Stats'!D$3:D$66)+sumif('Season Stats'!$B$3:$B$66, "Mackie Wallwork",'Season Stats'!D$3:D$66) -> 18 | E7: =sumif('Season Stats'!$B$3:$B$66,"Shawnak Shenoy",'Season Stats'!E$3:E$66)+sumif('Season Stats'!$B$3:$B$66, "Mackie Wallwork",'Season Stats'!E$3:E$66) -> 44 | F7: =sumif('Season Stats'!$B$3:$B$66,"Shawnak Shenoy",'Season Stats'!F$3:F$66)+sumif('Season Stats'!$B$3:$B$66, "Mackie Wallwork",'Season Stats'!F$3:F$66) -> 1 | G7: =sumif('Season Stats'!$B$3:$B$66,"Shawnak Shenoy",'Season Stats'!G$3:G$66)+sumif('Season Stats'!$B$3:$B$66, "Mackie Wallwork",'Season Stats'!G$3:G$66) -> 2 | H7: =sumif('Season Stats'!$B$3:$B$66,"Shawnak Shenoy",'Season Stats'!H$3:H$66)+sumif('Season Stats'!$B$3:$B$66, "Mackie Wallwork",'Season Stats'!H$3:H$66) -> 0 | I7: =sumif('Season Stats'!$B$3:$B$66,"Shawnak Shenoy",'Season Stats'!I$3:I$66)+sumif('Season Stats'!$B$3:$B$66, "Mackie Wallwork",'Season Stats'!I$3:I$66) -> 0 | J7: =sumif('Season Stats'!$B$3:$B$66,"Shawnak Shenoy",'Season Stats'!J$3:J$66)+sumif('Season Stats'!$B$3:$B$66, "Mackie Wallwork",'Season Stats'!J$3:J$66) -> 0 | K7: =sumif('Season Stats'!$B$3:$B$66,"Shawnak Shenoy",'Season Stats'!K$3:K$66)+sumif('Season Stats'!$B$3:$B$66, "Mackie Wallwork",'Season Stats'!K$3:K$66) -> 0
B8: Creamer/Hudson | C8: =IFERROR((D8/(D8+E8)),0) -> 0.2875 | D8: =sumif('Season Stats'!$B$3:$B$66,"Will Creamer",'Season Stats'!D$3:D$66)+sumif('Season Stats'!$B$3:$B$66, "Hudson Stolz",'Season Stats'!D$3:D$66) -> 46 | E8: =sumif('Season Stats'!$B$3:$B$66,"Will Creamer",'Season Stats'!E$3:E$66)+sumif('Season Stats'!$B$3:$B$66, "Hudson Stolz",'Season Stats'!E$3:E$66) -> 114 | F8: =sumif('Season Stats'!$B$3:$B$66,"Will Creamer",'Season Stats'!F$3:F$66)+sumif('Season Stats'!$B$3:$B$66, "Hudson Stolz",'Season Stats'!F$3:F$66) -> 5 | G8: =sumif('Season Stats'!$B$3:$B$66,"Will Creamer",'Season Stats'!G$3:G$66)+sumif('Season Stats'!$B$3:$B$66, "Hudson Stolz",'Season Stats'!G$3:G$66) -> 11 | H8: =sumif('Season Stats'!$B$3:$B$66,"Will Creamer",'Season Stats'!H$3:H$66)+sumif('Season Stats'!$B$3:$B$66, "Hudson Stolz",'Season Stats'!H$3:H$66) -> 1 | I8: =sumif('Season Stats'!$B$3:$B$66,"Will Creamer",'Season Stats'!I$3:I$66)+sumif('Season Stats'!$B$3:$B$66, "Hudson Stolz",'Season Stats'!I$3:I$66) -> 0 | J8: =sumif('Season Stats'!$B$3:$B$66,"Will Creamer",'Season Stats'!J$3:J$66)+sumif('Season Stats'!$B$3:$B$66, "Hudson Stolz",'Season Stats'!J$3:J$66) -> 0 | K8: =sumif('Season Stats'!$B$3:$B$66,"Will Creamer",'Season Stats'!K$3:K$66)+sumif('Season Stats'!$B$3:$B$66, "Hudson Stolz",'Season Stats'!K$3:K$66) -> 0
B9: Schreder/Dylan and Matian | C9: =IFERROR((D9/(D9+E9)),0) -> 0.28723404 | D9: =sumif('Season Stats'!$B$3:$B$66,"Matt Schreder",'Season Stats'!D$3:D$66)+sumif('Season Stats'!$B$3:$B$66, "Dylan and Matian",'Season Stats'!D$3:D$66) -> 27 | E9: =sumif('Season Stats'!$B$3:$B$66,"Matt Schreder",'Season Stats'!E$3:E$66)+sumif('Season Stats'!$B$3:$B$66, "Dylan and Matian",'Season Stats'!E$3:E$66) -> 67 | F9: =sumif('Season Stats'!$B$3:$B$66,"Matt Schreder",'Season Stats'!F$3:F$66)+sumif('Season Stats'!$B$3:$B$66, "Dylan and Matian",'Season Stats'!F$3:F$66) -> 5 | G9: =sumif('Season Stats'!$B$3:$B$66,"Matt Schreder",'Season Stats'!G$3:G$66)+sumif('Season Stats'!$B$3:$B$66, "Dylan and Matian",'Season Stats'!G$3:G$66) -> 4 | H9: =sumif('Season Stats'!$B$3:$B$66,"Matt Schreder",'Season Stats'!H$3:H$66)+sumif('Season Stats'!$B$3:$B$66, "Dylan and Matian",'Season Stats'!H$3:H$66) -> 0 | I9: =sumif('Season Stats'!$B$3:$B$66,"Matt Schreder",'Season Stats'!I$3:I$66)+sumif('Season Stats'!$B$3:$B$66, "Dylan and Matian",'Season Stats'!I$3:I$66) -> 0 | J9: =sumif('Season Stats'!$B$3:$B$66,"Matt Schreder",'Season Stats'!J$3:J$66)+sumif('Season Stats'!$B$3:$B$66, "Dylan and Matian",'Season Stats'!J$3:J$66) -> 0 | K9: =sumif('Season Stats'!$B$3:$B$66,"Matt Schreder",'Season Stats'!K$3:K$66)+sumif('Season Stats'!$B$3:$B$66, "Dylan and Matian",'Season Stats'!K$3:K$66) -> 1
B10: Anson/Pierre | C10: =IFERROR((D10/(D10+E10)),0) -> 0.28494624 | D10: =sumif('Season Stats'!$B$3:$B$66,"Anson Mies",'Season Stats'!D$3:D$66)+sumif('Season Stats'!$B$3:$B$66, "Pierre Gathy",'Season Stats'!D$3:D$66) -> 53 | E10: =sumif('Season Stats'!$B$3:$B$66,"Anson Mies",'Season Stats'!E$3:E$66)+sumif('Season Stats'!$B$3:$B$66, "Pierre Gathy",'Season Stats'!E$3:E$66) -> 133 | F10: =sumif('Season Stats'!$B$3:$B$66,"Anson Mies",'Season Stats'!F$3:F$66)+sumif('Season Stats'!$B$3:$B$66, "Pierre Gathy",'Season Stats'!F$3:F$66) -> 9 | G10: =sumif('Season Stats'!$B$3:$B$66,"Anson Mies",'Season Stats'!G$3:G$66)+sumif('Season Stats'!$B$3:$B$66, "Pierre Gathy",'Season Stats'!G$3:G$66) -> 4 | H10: =sumif('Season Stats'!$B$3:$B$66,"Anson Mies",'Season Stats'!H$3:H$66)+sumif('Season Stats'!$B$3:$B$66, "Pierre Gathy",'Season Stats'!H$3:H$66) -> 0 | I10: =sumif('Season Stats'!$B$3:$B$66,"Anson Mies",'Season Stats'!I$3:I$66)+sumif('Season Stats'!$B$3:$B$66, "Pierre Gathy",'Season Stats'!I$3:I$66) -> 0 | J10: =sumif('Season Stats'!$B$3:$B$66,"Anson Mies",'Season Stats'!J$3:J$66)+sumif('Season Stats'!$B$3:$B$66, "Pierre Gathy",'Season Stats'!J$3:J$66) -> 0 | K10: =sumif('Season Stats'!$B$3:$B$66,"Anson Mies",'Season Stats'!K$3:K$66)+sumif('Season Stats'!$B$3:$B$66, "Pierre Gathy",'Season Stats'!K$3:K$66) -> 0
B11: Wigs/Boggs | C11: =IFERROR((D11/(D11+E11)),0) -> 0.27722772 | D11: =sumif('Season Stats'!$B$3:$B$66,"Jack Wigmore",'Season Stats'!D$3:D$66)+sumif('Season Stats'!$B$3:$B$66, "Charlie Boggs",'Season Stats'!D$3:D$66) -> 56 | E11: =sumif('Season Stats'!$B$3:$B$66,"Jack Wigmore",'Season Stats'!E$3:E$66)+sumif('Season Stats'!$B$3:$B$66, "Charlie Boggs",'Season Stats'!E$3:E$66) -> 146 | F11: =sumif('Season Stats'!$B$3:$B$66,"Jack Wigmore",'Season Stats'!F$3:F$66)+sumif('Season Stats'!$B$3:$B$66, "Charlie Boggs",'Season Stats'!F$3:F$66) -> 6 | G11: =sumif('Season Stats'!$B$3:$B$66,"Jack Wigmore",'Season Stats'!G$3:G$66)+sumif('Season Stats'!$B$3:$B$66, "Charlie Boggs",'Season Stats'!G$3:G$66) -> 8 | H11: =sumif('Season Stats'!$B$3:$B$66,"Jack Wigmore",'Season Stats'!H$3:H$66)+sumif('Season Stats'!$B$3:$B$66, "Charlie Boggs",'Season Stats'!H$3:H$66) -> 0 | I11: =sumif('Season Stats'!$B$3:$B$66,"Jack Wigmore",'Season Stats'!I$3:I$66)+sumif('Season Stats'!$B$3:$B$66, "Charlie Boggs",'Season Stats'!I$3:I$66) -> 0 | J11: =sumif('Season Stats'!$B$3:$B$66,"Jack Wigmore",'Season Stats'!J$3:J$66)+sumif('Season Stats'!$B$3:$B$66, "Charlie Boggs",'Season Stats'!J$3:J$66) -> 0 | K11: =sumif('Season Stats'!$B$3:$B$66,"Jack Wigmore",'Season Stats'!K$3:K$66)+sumif('Season Stats'!$B$3:$B$66, "Charlie Boggs",'Season Stats'!K$3:K$66) -> 1
B12: Brock/Vinny | C12: =IFERROR((D12/(D12+E12)),0) -> 0.26515152 | D12: =sumif('Season Stats'!$B$3:$B$66,"Brock Benton",'Season Stats'!D$3:D$66)+sumif('Season Stats'!$B$3:$B$66, "Vinny Drolet",'Season Stats'!D$3:D$66) -> 35 | E12: =sumif('Season Stats'!$B$3:$B$66,"Brock Benton",'Season Stats'!E$3:E$66)+sumif('Season Stats'!$B$3:$B$66, "Vinny Drolet",'Season Stats'!E$3:E$66) -> 97 | F12: =sumif('Season Stats'!$B$3:$B$66,"Brock Benton",'Season Stats'!F$3:F$66)+sumif('Season Stats'!$B$3:$B$66, "Vinny Drolet",'Season Stats'!F$3:F$66) -> 5 | G12: =sumif('Season Stats'!$B$3:$B$66,"Brock Benton",'Season Stats'!G$3:G$66)+sumif('Season Stats'!$B$3:$B$66, "Vinny Drolet",'Season Stats'!G$3:G$66) -> 6 | H12: =sumif('Season Stats'!$B$3:$B$66,"Brock Benton",'Season Stats'!H$3:H$66)+sumif('Season Stats'!$B$3:$B$66, "Vinny Drolet",'Season Stats'!H$3:H$66) -> 0 | I12: =sumif('Season Stats'!$B$3:$B$66,"Brock Benton",'Season Stats'!I$3:I$66)+sumif('Season Stats'!$B$3:$B$66, "Vinny Drolet",'Season Stats'!I$3:I$66) -> 0 | J12: =sumif('Season Stats'!$B$3:$B$66,"Brock Benton",'Season Stats'!J$3:J$66)+sumif('Season Stats'!$B$3:$B$66, "Vinny Drolet",'Season Stats'!J$3:J$66) -> 0 | K12: =sumif('Season Stats'!$B$3:$B$66,"Brock Benton",'Season Stats'!K$3:K$66)+sumif('Season Stats'!$B$3:$B$66, "Vinny Drolet",'Season Stats'!K$3:K$66) -> 0
B13: Mati/Takoa | C13: =IFERROR((D13/(D13+E13)),0) -> 0.26229508 | D13: =sumif('Season Stats'!$B$3:$B$66,"Mati Gandarias",'Season Stats'!D$3:D$66)+sumif('Season Stats'!$B$3:$B$66, "Takoa Cartwright",'Season Stats'!D$3:D$66) -> 48 | E13: =sumif('Season Stats'!$B$3:$B$66,"Mati Gandarias",'Season Stats'!E$3:E$66)+sumif('Season Stats'!$B$3:$B$66, "Takoa Cartwright",'Season Stats'!E$3:E$66) -> 135 | F13: =sumif('Season Stats'!$B$3:$B$66,"Mati Gandarias",'Season Stats'!F$3:F$66)+sumif('Season Stats'!$B$3:$B$66, "Takoa Cartwright",'Season Stats'!F$3:F$66) -> 7 | G13: =sumif('Season Stats'!$B$3:$B$66,"Mati Gandarias",'Season Stats'!G$3:G$66)+sumif('Season Stats'!$B$3:$B$66, "Takoa Cartwright",'Season Stats'!G$3:G$66) -> 8 | H13: =sumif('Season Stats'!$B$3:$B$66,"Mati Gandarias",'Season Stats'!H$3:H$66)+sumif('Season Stats'!$B$3:$B$66, "Takoa Cartwright",'Season Stats'!H$3:H$66) -> 0 | I13: =sumif('Season Stats'!$B$3:$B$66,"Mati Gandarias",'Season Stats'!I$3:I$66)+sumif('Season Stats'!$B$3:$B$66, "Takoa Cartwright",'Season Stats'!I$3:I$66) -> 0 | J13: =sumif('Season Stats'!$B$3:$B$66,"Mati Gandarias",'Season Stats'!J$3:J$66)+sumif('Season Stats'!$B$3:$B$66, "Takoa Cartwright",'Season Stats'!J$3:J$66) -> 0 | K13: =sumif('Season Stats'!$B$3:$B$66,"Mati Gandarias",'Season Stats'!K$3:K$66)+sumif('Season Stats'!$B$3:$B$66, "Takoa Cartwright",'Season Stats'!K$3:K$66) -> 0
B14: Cestero/Messina | C14: =IFERROR((D14/(D14+E14)),0) -> 0.26213592 | D14: =sumif('Season Stats'!$B$3:$B$66,"Josh Cestero",'Season Stats'!D$3:D$66)+sumif('Season Stats'!$B$3:$B$66, "Michael Messina",'Season Stats'!D$3:D$66) -> 27 | E14: =sumif('Season Stats'!$B$3:$B$66,"Josh Cestero",'Season Stats'!E$3:E$66)+sumif('Season Stats'!$B$3:$B$66, "Michael Messina",'Season Stats'!E$3:E$66) -> 76 | F14: =sumif('Season Stats'!$B$3:$B$66,"Josh Cestero",'Season Stats'!F$3:F$66)+sumif('Season Stats'!$B$3:$B$66, "Michael Messina",'Season Stats'!F$3:F$66) -> 4 | G14: =sumif('Season Stats'!$B$3:$B$66,"Josh Cestero",'Season Stats'!G$3:G$66)+sumif('Season Stats'!$B$3:$B$66, "Michael Messina",'Season Stats'!G$3:G$66) -> 4 | H14: =sumif('Season Stats'!$B$3:$B$66,"Josh Cestero",'Season Stats'!H$3:H$66)+sumif('Season Stats'!$B$3:$B$66, "Michael Messina",'Season Stats'!H$3:H$66) -> 0 | I14: =sumif('Season Stats'!$B$3:$B$66,"Josh Cestero",'Season Stats'!I$3:I$66)+sumif('Season Stats'!$B$3:$B$66, "Michael Messina",'Season Stats'!I$3:I$66) -> 0 | J14: =sumif('Season Stats'!$B$3:$B$66,"Josh Cestero",'Season Stats'!J$3:J$66)+sumif('Season Stats'!$B$3:$B$66, "Michael Messina",'Season Stats'!J$3:J$66) -> 0 | K14: =sumif('Season Stats'!$B$3:$B$66,"Josh Cestero",'Season Stats'!K$3:K$66)+sumif('Season Stats'!$B$3:$B$66, "Michael Messina",'Season Stats'!K$3:K$66) -> 0
B15: JP/Ford | C15: =IFERROR((D15/(D15+E15)),0) -> 0.24683544 | D15: =sumif('Season Stats'!$B$3:$B$66,"Jaden Pearlmutter",'Season Stats'!D$3:D$66)+sumif('Season Stats'!$B$3:$B$66, "Ford Tate",'Season Stats'!D$3:D$66) -> 39 | E15: =sumif('Season Stats'!$B$3:$B$66,"Jaden Pearlmutter",'Season Stats'!E$3:E$66)+sumif('Season Stats'!$B$3:$B$66, "Ford Tate",'Season Stats'!E$3:E$66) -> 119 | F15: =sumif('Season Stats'!$B$3:$B$66,"Jaden Pearlmutter",'Season Stats'!F$3:F$66)+sumif('Season Stats'!$B$3:$B$66, "Ford Tate",'Season Stats'!F$3:F$66) -> 1 | G15: =sumif('Season Stats'!$B$3:$B$66,"Jaden Pearlmutter",'Season Stats'!G$3:G$66)+sumif('Season Stats'!$B$3:$B$66, "Ford Tate",'Season Stats'!G$3:G$66) -> 3 | H15: =sumif('Season Stats'!$B$3:$B$66,"Jaden Pearlmutter",'Season Stats'!H$3:H$66)+sumif('Season Stats'!$B$3:$B$66, "Ford Tate",'Season Stats'!H$3:H$66) -> 0 | I15: =sumif('Season Stats'!$B$3:$B$66,"Jaden Pearlmutter",'Season Stats'!I$3:I$66)+sumif('Season Stats'!$B$3:$B$66, "Ford Tate",'Season Stats'!I$3:I$66) -> 0 | J15: =sumif('Season Stats'!$B$3:$B$66,"Jaden Pearlmutter",'Season Stats'!J$3:J$66)+sumif('Season Stats'!$B$3:$B$66, "Ford Tate",'Season Stats'!J$3:J$66) -> 0 | K15: =sumif('Season Stats'!$B$3:$B$66,"Jaden Pearlmutter",'Season Stats'!K$3:K$66)+sumif('Season Stats'!$B$3:$B$66, "Ford Tate",'Season Stats'!K$3:K$66) -> 0
B16: Naman/Liam | C16: =IFERROR((D16/(D16+E16)),0) -> 0.24503311 | D16: =sumif('Season Stats'!$B$3:$B$66,"Naman Kulkarni",'Season Stats'!D$3:D$66)+sumif('Season Stats'!$B$3:$B$66, "Liam Byrne",'Season Stats'!D$3:D$66) -> 37 | E16: =sumif('Season Stats'!$B$3:$B$66,"Naman Kulkarni",'Season Stats'!E$3:E$66)+sumif('Season Stats'!$B$3:$B$66, "Liam Byrne",'Season Stats'!E$3:E$66) -> 114 | F16: =sumif('Season Stats'!$B$3:$B$66,"Naman Kulkarni",'Season Stats'!F$3:F$66)+sumif('Season Stats'!$B$3:$B$66, "Liam Byrne",'Season Stats'!F$3:F$66) -> 9 | G16: =sumif('Season Stats'!$B$3:$B$66,"Naman Kulkarni",'Season Stats'!G$3:G$66)+sumif('Season Stats'!$B$3:$B$66, "Liam Byrne",'Season Stats'!G$3:G$66) -> 6 | H16: =sumif('Season Stats'!$B$3:$B$66,"Naman Kulkarni",'Season Stats'!H$3:H$66)+sumif('Season Stats'!$B$3:$B$66, "Liam Byrne",'Season Stats'!H$3:H$66) -> 0 | I16: =sumif('Season Stats'!$B$3:$B$66,"Naman Kulkarni",'Season Stats'!I$3:I$66)+sumif('Season Stats'!$B$3:$B$66, "Liam Byrne",'Season Stats'!I$3:I$66) -> 0 | J16: =sumif('Season Stats'!$B$3:$B$66,"Naman Kulkarni",'Season Stats'!J$3:J$66)+sumif('Season Stats'!$B$3:$B$66, "Liam Byrne",'Season Stats'!J$3:J$66) -> 0 | K16: =sumif('Season Stats'!$B$3:$B$66,"Naman Kulkarni",'Season Stats'!K$3:K$66)+sumif('Season Stats'!$B$3:$B$66, "Liam Byrne",'Season Stats'!K$3:K$66) -> 0
B17: Kavishka/Akash | C17: =IFERROR((D17/(D17+E17)),0) -> 0.24 | D17: =sumif('Season Stats'!$B$3:$B$66,"Kavishka Bartlett",'Season Stats'!D$3:D$66)+sumif('Season Stats'!$B$3:$B$66, "Akash Mishra",'Season Stats'!D$3:D$66) -> 24 | E17: =sumif('Season Stats'!$B$3:$B$66,"Kavishka Bartlett",'Season Stats'!E$3:E$66)+sumif('Season Stats'!$B$3:$B$66, "Akash Mishra",'Season Stats'!E$3:E$66) -> 76 | F17: =sumif('Season Stats'!$B$3:$B$66,"Kavishka Bartlett",'Season Stats'!F$3:F$66)+sumif('Season Stats'!$B$3:$B$66, "Akash Mishra",'Season Stats'!F$3:F$66) -> 6 | G17: =sumif('Season Stats'!$B$3:$B$66,"Kavishka Bartlett",'Season Stats'!G$3:G$66)+sumif('Season Stats'!$B$3:$B$66, "Akash Mishra",'Season Stats'!G$3:G$66) -> 8 | H17: =sumif('Season Stats'!$B$3:$B$66,"Kavishka Bartlett",'Season Stats'!H$3:H$66)+sumif('Season Stats'!$B$3:$B$66, "Akash Mishra",'Season Stats'!H$3:H$66) -> 0 | I17: =sumif('Season Stats'!$B$3:$B$66,"Kavishka Bartlett",'Season Stats'!I$3:I$66)+sumif('Season Stats'!$B$3:$B$66, "Akash Mishra",'Season Stats'!I$3:I$66) -> 0 | J17: =sumif('Season Stats'!$B$3:$B$66,"Kavishka Bartlett",'Season Stats'!J$3:J$66)+sumif('Season Stats'!$B$3:$B$66, "Akash Mishra",'Season Stats'!J$3:J$66) -> 0 | K17: =sumif('Season Stats'!$B$3:$B$66,"Kavishka Bartlett",'Season Stats'!K$3:K$66)+sumif('Season Stats'!$B$3:$B$66, "Akash Mishra",'Season Stats'!K$3:K$66) -> 0
B18: Emilio/Tolsma | C18: =IFERROR((D18/(D18+E18)),0) -> 0.23809524 | D18: =sumif('Season Stats'!$B$3:$B$66,"Emilio Garcia",'Season Stats'!D$3:D$66)+sumif('Season Stats'!$B$3:$B$66, "John Tolsma",'Season Stats'!D$3:D$66) -> 35 | E18: =sumif('Season Stats'!$B$3:$B$66,"Emilio Garcia",'Season Stats'!E$3:E$66)+sumif('Season Stats'!$B$3:$B$66, "John Tolsma",'Season Stats'!E$3:E$66) -> 112 | F18: =sumif('Season Stats'!$B$3:$B$66,"Emilio Garcia",'Season Stats'!F$3:F$66)+sumif('Season Stats'!$B$3:$B$66, "John Tolsma",'Season Stats'!F$3:F$66) -> 3 | G18: =sumif('Season Stats'!$B$3:$B$66,"Emilio Garcia",'Season Stats'!G$3:G$66)+sumif('Season Stats'!$B$3:$B$66, "John Tolsma",'Season Stats'!G$3:G$66) -> 12 | H18: =sumif('Season Stats'!$B$3:$B$66,"Emilio Garcia",'Season Stats'!H$3:H$66)+sumif('Season Stats'!$B$3:$B$66, "John Tolsma",'Season Stats'!H$3:H$66) -> 0 | I18: =sumif('Season Stats'!$B$3:$B$66,"Emilio Garcia",'Season Stats'!I$3:I$66)+sumif('Season Stats'!$B$3:$B$66, "John Tolsma",'Season Stats'!I$3:I$66) -> 0 | J18: =sumif('Season Stats'!$B$3:$B$66,"Emilio Garcia",'Season Stats'!J$3:J$66)+sumif('Season Stats'!$B$3:$B$66, "John Tolsma",'Season Stats'!J$3:J$66) -> 0 | K18: =sumif('Season Stats'!$B$3:$B$66,"Emilio Garcia",'Season Stats'!K$3:K$66)+sumif('Season Stats'!$B$3:$B$66, "John Tolsma",'Season Stats'!K$3:K$66) -> 0
B19: Albright/Wilder | C19: =IFERROR((D19/(D19+E19)),0) -> 0.23636364 | D19: =sumif('Season Stats'!$B$3:$B$66,"Drew Albright",'Season Stats'!D$3:D$66)+sumif('Season Stats'!$B$3:$B$66, "Jack Wilder",'Season Stats'!D$3:D$66) -> 26 | E19: =sumif('Season Stats'!$B$3:$B$66,"Drew Albright",'Season Stats'!E$3:E$66)+sumif('Season Stats'!$B$3:$B$66, "Jack Wilder",'Season Stats'!E$3:E$66) -> 84 | F19: =sumif('Season Stats'!$B$3:$B$66,"Drew Albright",'Season Stats'!F$3:F$66)+sumif('Season Stats'!$B$3:$B$66, "Jack Wilder",'Season Stats'!F$3:F$66) -> 8 | G19: =sumif('Season Stats'!$B$3:$B$66,"Drew Albright",'Season Stats'!G$3:G$66)+sumif('Season Stats'!$B$3:$B$66, "Jack Wilder",'Season Stats'!G$3:G$66) -> 7 | H19: =sumif('Season Stats'!$B$3:$B$66,"Drew Albright",'Season Stats'!H$3:H$66)+sumif('Season Stats'!$B$3:$B$66, "Jack Wilder",'Season Stats'!H$3:H$66) -> 0 | I19: =sumif('Season Stats'!$B$3:$B$66,"Drew Albright",'Season Stats'!I$3:I$66)+sumif('Season Stats'!$B$3:$B$66, "Jack Wilder",'Season Stats'!I$3:I$66) -> 0 | J19: =sumif('Season Stats'!$B$3:$B$66,"Drew Albright",'Season Stats'!J$3:J$66)+sumif('Season Stats'!$B$3:$B$66, "Jack Wilder",'Season Stats'!J$3:J$66) -> 0 | K19: =sumif('Season Stats'!$B$3:$B$66,"Drew Albright",'Season Stats'!K$3:K$66)+sumif('Season Stats'!$B$3:$B$66, "Jack Wilder",'Season Stats'!K$3:K$66) -> 0
B20: Toban/Homo | C20: =IFERROR((D20/(D20+E20)),0) -> 0.23076923 | D20: =sumif('Season Stats'!$B$3:$B$66,"Toban Doody",'Season Stats'!D$3:D$66)+sumif('Season Stats'!$B$3:$B$66, "Henry Morrison",'Season Stats'!D$3:D$66) -> 33 | E20: =sumif('Season Stats'!$B$3:$B$66,"Toban Doody",'Season Stats'!E$3:E$66)+sumif('Season Stats'!$B$3:$B$66, "Henry Morrison",'Season Stats'!E$3:E$66) -> 110 | F20: =sumif('Season Stats'!$B$3:$B$66,"Toban Doody",'Season Stats'!F$3:F$66)+sumif('Season Stats'!$B$3:$B$66, "Henry Morrison",'Season Stats'!F$3:F$66) -> 3 | G20: =sumif('Season Stats'!$B$3:$B$66,"Toban Doody",'Season Stats'!G$3:G$66)+sumif('Season Stats'!$B$3:$B$66, "Henry Morrison",'Season Stats'!G$3:G$66) -> 8 | H20: =sumif('Season Stats'!$B$3:$B$66,"Toban Doody",'Season Stats'!H$3:H$66)+sumif('Season Stats'!$B$3:$B$66, "Henry Morrison",'Season Stats'!H$3:H$66) -> 0 | I20: =sumif('Season Stats'!$B$3:$B$66,"Toban Doody",'Season Stats'!I$3:I$66)+sumif('Season Stats'!$B$3:$B$66, "Henry Morrison",'Season Stats'!I$3:I$66) -> 0 | J20: =sumif('Season Stats'!$B$3:$B$66,"Toban Doody",'Season Stats'!J$3:J$66)+sumif('Season Stats'!$B$3:$B$66, "Henry Morrison",'Season Stats'!J$3:J$66) -> 0 | K20: =sumif('Season Stats'!$B$3:$B$66,"Toban Doody",'Season Stats'!K$3:K$66)+sumif('Season Stats'!$B$3:$B$66, "Henry Morrison",'Season Stats'!K$3:K$66) -> 1
B21: The Kid/Baby Glizz | C21: =IFERROR((D21/(D21+E21)),0) -> 0.22727273 | D21: =sumif('Season Stats'!$B$3:$B$66,"AJ Cashman",'Season Stats'!D$3:D$66)+sumif('Season Stats'!$B$3:$B$66, "Zach Israel",'Season Stats'!D$3:D$66) -> 25 | E21: =sumif('Season Stats'!$B$3:$B$66,"AJ Cashman",'Season Stats'!E$3:E$66)+sumif('Season Stats'!$B$3:$B$66, "Zach Israel",'Season Stats'!E$3:E$66) -> 85 | F21: =sumif('Season Stats'!$B$3:$B$66,"AJ Cashman",'Season Stats'!F$3:F$66)+sumif('Season Stats'!$B$3:$B$66, "Zach Israel",'Season Stats'!F$3:F$66) -> 5 | G21: =sumif('Season Stats'!$B$3:$B$66,"AJ Cashman",'Season Stats'!G$3:G$66)+sumif('Season Stats'!$B$3:$B$66, "Zach Israel",'Season Stats'!G$3:G$66) -> 5 | H21: =sumif('Season Stats'!$B$3:$B$66,"AJ Cashman",'Season Stats'!H$3:H$66)+sumif('Season Stats'!$B$3:$B$66, "Zach Israel",'Season Stats'!H$3:H$66) -> 0 | I21: =sumif('Season Stats'!$B$3:$B$66,"AJ Cashman",'Season Stats'!I$3:I$66)+sumif('Season Stats'!$B$3:$B$66, "Zach Israel",'Season Stats'!I$3:I$66) -> 0 | J21: =sumif('Season Stats'!$B$3:$B$66,"AJ Cashman",'Season Stats'!J$3:J$66)+sumif('Season Stats'!$B$3:$B$66, "Zach Israel",'Season Stats'!J$3:J$66) -> 0 | K21: =sumif('Season Stats'!$B$3:$B$66,"AJ Cashman",'Season Stats'!K$3:K$66)+sumif('Season Stats'!$B$3:$B$66, "Zach Israel",'Season Stats'!K$3:K$66) -> 0
B22: Alejandro/Bonn | C22: =IFERROR((D22/(D22+E22)),0) -> 0.22413793 | D22: =sumif('Season Stats'!$B$3:$B$66,"Alejandro Montero",'Season Stats'!D$3:D$66)+sumif('Season Stats'!$B$3:$B$66, "Max Bonnstetter",'Season Stats'!D$3:D$66) -> 26 | E22: =sumif('Season Stats'!$B$3:$B$66,"Alejandro Montero",'Season Stats'!E$3:E$66)+sumif('Season Stats'!$B$3:$B$66, "Max Bonnstetter",'Season Stats'!E$3:E$66) -> 90 | F22: =sumif('Season Stats'!$B$3:$B$66,"Alejandro Montero",'Season Stats'!F$3:F$66)+sumif('Season Stats'!$B$3:$B$66, "Max Bonnstetter",'Season Stats'!F$3:F$66) -> 2 | G22: =sumif('Season Stats'!$B$3:$B$66,"Alejandro Montero",'Season Stats'!G$3:G$66)+sumif('Season Stats'!$B$3:$B$66, "Max Bonnstetter",'Season Stats'!G$3:G$66) -> 10 | H22: =sumif('Season Stats'!$B$3:$B$66,"Alejandro Montero",'Season Stats'!H$3:H$66)+sumif('Season Stats'!$B$3:$B$66, "Max Bonnstetter",'Season Stats'!H$3:H$66) -> 0 | I22: =sumif('Season Stats'!$B$3:$B$66,"Alejandro Montero",'Season Stats'!I$3:I$66)+sumif('Season Stats'!$B$3:$B$66, "Max Bonnstetter",'Season Stats'!I$3:I$66) -> 0 | J22: =sumif('Season Stats'!$B$3:$B$66,"Alejandro Montero",'Season Stats'!J$3:J$66)+sumif('Season Stats'!$B$3:$B$66, "Max Bonnstetter",'Season Stats'!J$3:J$66) -> 0 | K22: =sumif('Season Stats'!$B$3:$B$66,"Alejandro Montero",'Season Stats'!K$3:K$66)+sumif('Season Stats'!$B$3:$B$66, "Max Bonnstetter",'Season Stats'!K$3:K$66) -> 1
B23: Isaiah/Mike Miller | C23: =IFERROR((D23/(D23+E23)),0) -> 0.22368421 | D23: =sumif('Season Stats'!$B$3:$B$66,"Isaiah Boyles",'Season Stats'!D$3:D$66)+sumif('Season Stats'!$B$3:$B$66, "Mike Miller",'Season Stats'!D$3:D$66) -> 17 | E23: =sumif('Season Stats'!$B$3:$B$66,"Isaiah Boyles",'Season Stats'!E$3:E$66)+sumif('Season Stats'!$B$3:$B$66, "Mike Miller",'Season Stats'!E$3:E$66) -> 59 | F23: =sumif('Season Stats'!$B$3:$B$66,"Isaiah Boyles",'Season Stats'!F$3:F$66)+sumif('Season Stats'!$B$3:$B$66, "Mike Miller",'Season Stats'!F$3:F$66) -> 1 | G23: =sumif('Season Stats'!$B$3:$B$66,"Isaiah Boyles",'Season Stats'!G$3:G$66)+sumif('Season Stats'!$B$3:$B$66, "Mike Miller",'Season Stats'!G$3:G$66) -> 5 | H23: =sumif('Season Stats'!$B$3:$B$66,"Isaiah Boyles",'Season Stats'!H$3:H$66)+sumif('Season Stats'!$B$3:$B$66, "Mike Miller",'Season Stats'!H$3:H$66) -> 0 | I23: =sumif('Season Stats'!$B$3:$B$66,"Isaiah Boyles",'Season Stats'!I$3:I$66)+sumif('Season Stats'!$B$3:$B$66, "Mike Miller",'Season Stats'!I$3:I$66) -> 0 | J23: =sumif('Season Stats'!$B$3:$B$66,"Isaiah Boyles",'Season Stats'!J$3:J$66)+sumif('Season Stats'!$B$3:$B$66, "Mike Miller",'Season Stats'!J$3:J$66) -> 0 | K23: =sumif('Season Stats'!$B$3:$B$66,"Isaiah Boyles",'Season Stats'!K$3:K$66)+sumif('Season Stats'!$B$3:$B$66, "Mike Miller",'Season Stats'!K$3:K$66) -> 0
B24: Bello/Keith | C24: =IFERROR((D24/(D24+E24)),0) -> 0.22222222 | D24: =sumif('Season Stats'!$B$3:$B$66,"Will Bello",'Season Stats'!D$3:D$66)+sumif('Season Stats'!$B$3:$B$66, "Keith Buenrostro",'Season Stats'!D$3:D$66) -> 20 | E24: =sumif('Season Stats'!$B$3:$B$66,"Will Bello",'Season Stats'!E$3:E$66)+sumif('Season Stats'!$B$3:$B$66, "Keith Buenrostro",'Season Stats'!E$3:E$66) -> 70 | F24: =sumif('Season Stats'!$B$3:$B$66,"Will Bello",'Season Stats'!F$3:F$66)+sumif('Season Stats'!$B$3:$B$66, "Keith Buenrostro",'Season Stats'!F$3:F$66) -> 5 | G24: =sumif('Season Stats'!$B$3:$B$66,"Will Bello",'Season Stats'!G$3:G$66)+sumif('Season Stats'!$B$3:$B$66, "Keith Buenrostro",'Season Stats'!G$3:G$66) -> 7 | H24: =sumif('Season Stats'!$B$3:$B$66,"Will Bello",'Season Stats'!H$3:H$66)+sumif('Season Stats'!$B$3:$B$66, "Keith Buenrostro",'Season Stats'!H$3:H$66) -> 0 | I24: =sumif('Season Stats'!$B$3:$B$66,"Will Bello",'Season Stats'!I$3:I$66)+sumif('Season Stats'!$B$3:$B$66, "Keith Buenrostro",'Season Stats'!I$3:I$66) -> 0 | J24: =sumif('Season Stats'!$B$3:$B$66,"Will Bello",'Season Stats'!J$3:J$66)+sumif('Season Stats'!$B$3:$B$66, "Keith Buenrostro",'Season Stats'!J$3:J$66) -> 0 | K24: =sumif('Season Stats'!$B$3:$B$66,"Will Bello",'Season Stats'!K$3:K$66)+sumif('Season Stats'!$B$3:$B$66, "Keith Buenrostro",'Season Stats'!K$3:K$66) -> 0
B25: Arturo/Griss | C25: =IFERROR((D25/(D25+E25)),0) -> 0.21666667 | D25: =sumif('Season Stats'!$B$3:$B$66,"Arturo Martinez",'Season Stats'!D$3:D$66)+sumif('Season Stats'!$B$3:$B$66, "John Grissinger",'Season Stats'!D$3:D$66) -> 26 | E25: =sumif('Season Stats'!$B$3:$B$66,"Arturo Martinez",'Season Stats'!E$3:E$66)+sumif('Season Stats'!$B$3:$B$66, "John Grissinger",'Season Stats'!E$3:E$66) -> 94 | F25: =sumif('Season Stats'!$B$3:$B$66,"Arturo Martinez",'Season Stats'!F$3:F$66)+sumif('Season Stats'!$B$3:$B$66, "John Grissinger",'Season Stats'!F$3:F$66) -> 2 | G25: =sumif('Season Stats'!$B$3:$B$66,"Arturo Martinez",'Season Stats'!G$3:G$66)+sumif('Season Stats'!$B$3:$B$66, "John Grissinger",'Season Stats'!G$3:G$66) -> 8 | H25: =sumif('Season Stats'!$B$3:$B$66,"Arturo Martinez",'Season Stats'!H$3:H$66)+sumif('Season Stats'!$B$3:$B$66, "John Grissinger",'Season Stats'!H$3:H$66) -> 0 | I25: =sumif('Season Stats'!$B$3:$B$66,"Arturo Martinez",'Season Stats'!I$3:I$66)+sumif('Season Stats'!$B$3:$B$66, "John Grissinger",'Season Stats'!I$3:I$66) -> 0 | J25: =sumif('Season Stats'!$B$3:$B$66,"Arturo Martinez",'Season Stats'!J$3:J$66)+sumif('Season Stats'!$B$3:$B$66, "John Grissinger",'Season Stats'!J$3:J$66) -> 0 | K25: =sumif('Season Stats'!$B$3:$B$66,"Arturo Martinez",'Season Stats'!K$3:K$66)+sumif('Season Stats'!$B$3:$B$66, "John Grissinger",'Season Stats'!K$3:K$66) -> 0
B26: Digs/Manndrew | C26: =IFERROR((D26/(D26+E26)),0) -> 0.20689655 | D26: =sumif('Season Stats'!$B$3:$B$66,"Michael Dignazio",'Season Stats'!D$3:D$66)+sumif('Season Stats'!$B$3:$B$66, "Andrew Mann",'Season Stats'!D$3:D$66) -> 6 | E26: =sumif('Season Stats'!$B$3:$B$66,"Michael Dignazio",'Season Stats'!E$3:E$66)+sumif('Season Stats'!$B$3:$B$66, "Andrew Mann",'Season Stats'!E$3:E$66) -> 23 | F26: =sumif('Season Stats'!$B$3:$B$66,"Michael Dignazio",'Season Stats'!F$3:F$66)+sumif('Season Stats'!$B$3:$B$66, "Andrew Mann",'Season Stats'!F$3:F$66) -> 1 | G26: =sumif('Season Stats'!$B$3:$B$66,"Michael Dignazio",'Season Stats'!G$3:G$66)+sumif('Season Stats'!$B$3:$B$66, "Andrew Mann",'Season Stats'!G$3:G$66) -> 2 | H26: =sumif('Season Stats'!$B$3:$B$66,"Michael Dignazio",'Season Stats'!H$3:H$66)+sumif('Season Stats'!$B$3:$B$66, "Andrew Mann",'Season Stats'!H$3:H$66) -> 0 | I26: =sumif('Season Stats'!$B$3:$B$66,"Michael Dignazio",'Season Stats'!I$3:I$66)+sumif('Season Stats'!$B$3:$B$66, "Andrew Mann",'Season Stats'!I$3:I$66) -> 0 | J26: =sumif('Season Stats'!$B$3:$B$66,"Michael Dignazio",'Season Stats'!J$3:J$66)+sumif('Season Stats'!$B$3:$B$66, "Andrew Mann",'Season Stats'!J$3:J$66) -> 0 | K26: =sumif('Season Stats'!$B$3:$B$66,"Michael Dignazio",'Season Stats'!K$3:K$66)+sumif('Season Stats'!$B$3:$B$66, "Andrew Mann",'Season Stats'!K$3:K$66) -> 0
B27: Giacomo/Skatz | C27: =IFERROR((D27/(D27+E27)),0) -> 0.20529801 | D27: =sumif('Season Stats'!$B$3:$B$66,"Giacomo Pugliese",'Season Stats'!D$3:D$66)+sumif('Season Stats'!$B$3:$B$66, "Sammy Katz",'Season Stats'!D$3:D$66) -> 31 | E27: =sumif('Season Stats'!$B$3:$B$66,"Giacomo Pugliese",'Season Stats'!E$3:E$66)+sumif('Season Stats'!$B$3:$B$66, "Sammy Katz",'Season Stats'!E$3:E$66) -> 120 | F27: =sumif('Season Stats'!$B$3:$B$66,"Giacomo Pugliese",'Season Stats'!F$3:F$66)+sumif('Season Stats'!$B$3:$B$66, "Sammy Katz",'Season Stats'!F$3:F$66) -> 4 | G27: =sumif('Season Stats'!$B$3:$B$66,"Giacomo Pugliese",'Season Stats'!G$3:G$66)+sumif('Season Stats'!$B$3:$B$66, "Sammy Katz",'Season Stats'!G$3:G$66) -> 11 | H27: =sumif('Season Stats'!$B$3:$B$66,"Giacomo Pugliese",'Season Stats'!H$3:H$66)+sumif('Season Stats'!$B$3:$B$66, "Sammy Katz",'Season Stats'!H$3:H$66) -> 0 | I27: =sumif('Season Stats'!$B$3:$B$66,"Giacomo Pugliese",'Season Stats'!I$3:I$66)+sumif('Season Stats'!$B$3:$B$66, "Sammy Katz",'Season Stats'!I$3:I$66) -> 0 | J27: =sumif('Season Stats'!$B$3:$B$66,"Giacomo Pugliese",'Season Stats'!J$3:J$66)+sumif('Season Stats'!$B$3:$B$66, "Sammy Katz",'Season Stats'!J$3:J$66) -> 0 | K27: =sumif('Season Stats'!$B$3:$B$66,"Giacomo Pugliese",'Season Stats'!K$3:K$66)+sumif('Season Stats'!$B$3:$B$66, "Sammy Katz",'Season Stats'!K$3:K$66) -> 0
B28: Everett/Hulu | C28: =IFERROR((D28/(D28+E28)),0) -> 0.2027027 | D28: =sumif('Season Stats'!$B$3:$B$66,"Everett Schroeder",'Season Stats'!D$3:D$66)+sumif('Season Stats'!$B$3:$B$66, "Henry Lewis",'Season Stats'!D$3:D$66) -> 30 | E28: =sumif('Season Stats'!$B$3:$B$66,"Everett Schroeder",'Season Stats'!E$3:E$66)+sumif('Season Stats'!$B$3:$B$66, "Henry Lewis",'Season Stats'!E$3:E$66) -> 118 | F28: =sumif('Season Stats'!$B$3:$B$66,"Everett Schroeder",'Season Stats'!F$3:F$66)+sumif('Season Stats'!$B$3:$B$66, "Henry Lewis",'Season Stats'!F$3:F$66) -> 14 | G28: =sumif('Season Stats'!$B$3:$B$66,"Everett Schroeder",'Season Stats'!G$3:G$66)+sumif('Season Stats'!$B$3:$B$66, "Henry Lewis",'Season Stats'!G$3:G$66) -> 4 | H28: =sumif('Season Stats'!$B$3:$B$66,"Everett Schroeder",'Season Stats'!H$3:H$66)+sumif('Season Stats'!$B$3:$B$66, "Henry Lewis",'Season Stats'!H$3:H$66) -> 0 | I28: =sumif('Season Stats'!$B$3:$B$66,"Everett Schroeder",'Season Stats'!I$3:I$66)+sumif('Season Stats'!$B$3:$B$66, "Henry Lewis",'Season Stats'!I$3:I$66) -> 0 | J28: =sumif('Season Stats'!$B$3:$B$66,"Everett Schroeder",'Season Stats'!J$3:J$66)+sumif('Season Stats'!$B$3:$B$66, "Henry Lewis",'Season Stats'!J$3:J$66) -> 0 | K28: =sumif('Season Stats'!$B$3:$B$66,"Everett Schroeder",'Season Stats'!K$3:K$66)+sumif('Season Stats'!$B$3:$B$66, "Henry Lewis",'Season Stats'!K$3:K$66) -> 1
B29: Plump/Voelkbeezy | C29: =IFERROR((D29/(D29+E29)),0) -> 0.2 | D29: =sumif('Season Stats'!$B$3:$B$66,"Andrew Plumpton",'Season Stats'!D$3:D$66)+sumif('Season Stats'!$B$3:$B$66, "Jack Voelker",'Season Stats'!D$3:D$66) -> 13 | E29: =sumif('Season Stats'!$B$3:$B$66,"Andrew Plumpton",'Season Stats'!E$3:E$66)+sumif('Season Stats'!$B$3:$B$66, "Jack Voelker",'Season Stats'!E$3:E$66) -> 52 | F29: =sumif('Season Stats'!$B$3:$B$66,"Andrew Plumpton",'Season Stats'!F$3:F$66)+sumif('Season Stats'!$B$3:$B$66, "Jack Voelker",'Season Stats'!F$3:F$66) -> 3 | G29: =sumif('Season Stats'!$B$3:$B$66,"Andrew Plumpton",'Season Stats'!G$3:G$66)+sumif('Season Stats'!$B$3:$B$66, "Jack Voelker",'Season Stats'!G$3:G$66) -> 2 | H29: =sumif('Season Stats'!$B$3:$B$66,"Andrew Plumpton",'Season Stats'!H$3:H$66)+sumif('Season Stats'!$B$3:$B$66, "Jack Voelker",'Season Stats'!H$3:H$66) -> 1 | I29: =sumif('Season Stats'!$B$3:$B$66,"Andrew Plumpton",'Season Stats'!I$3:I$66)+sumif('Season Stats'!$B$3:$B$66, "Jack Voelker",'Season Stats'!I$3:I$66) -> 0 | J29: =sumif('Season Stats'!$B$3:$B$66,"Andrew Plumpton",'Season Stats'!J$3:J$66)+sumif('Season Stats'!$B$3:$B$66, "Jack Voelker",'Season Stats'!J$3:J$66) -> 0 | K29: =sumif('Season Stats'!$B$3:$B$66,"Andrew Plumpton",'Season Stats'!K$3:K$66)+sumif('Season Stats'!$B$3:$B$66, "Jack Voelker",'Season Stats'!K$3:K$66) -> 0
B30: Reed/Pranav | C30: =IFERROR((D30/(D30+E30)),0) -> 0.18139535 | D30: =sumif('Season Stats'!$B$3:$B$66,"Reed Schoenfeld",'Season Stats'!D$3:D$66)+sumif('Season Stats'!$B$3:$B$66, "Pranav Ravulapati",'Season Stats'!D$3:D$66) -> 39 | E30: =sumif('Season Stats'!$B$3:$B$66,"Reed Schoenfeld",'Season Stats'!E$3:E$66)+sumif('Season Stats'!$B$3:$B$66, "Pranav Ravulapati",'Season Stats'!E$3:E$66) -> 176 | F30: =sumif('Season Stats'!$B$3:$B$66,"Reed Schoenfeld",'Season Stats'!F$3:F$66)+sumif('Season Stats'!$B$3:$B$66, "Pranav Ravulapati",'Season Stats'!F$3:F$66) -> 1 | G30: =sumif('Season Stats'!$B$3:$B$66,"Reed Schoenfeld",'Season Stats'!G$3:G$66)+sumif('Season Stats'!$B$3:$B$66, "Pranav Ravulapati",'Season Stats'!G$3:G$66) -> 16 | H30: =sumif('Season Stats'!$B$3:$B$66,"Reed Schoenfeld",'Season Stats'!H$3:H$66)+sumif('Season Stats'!$B$3:$B$66, "Pranav Ravulapati",'Season Stats'!H$3:H$66) -> 0 | I30: =sumif('Season Stats'!$B$3:$B$66,"Reed Schoenfeld",'Season Stats'!I$3:I$66)+sumif('Season Stats'!$B$3:$B$66, "Pranav Ravulapati",'Season Stats'!I$3:I$66) -> 0 | J30: =sumif('Season Stats'!$B$3:$B$66,"Reed Schoenfeld",'Season Stats'!J$3:J$66)+sumif('Season Stats'!$B$3:$B$66, "Pranav Ravulapati",'Season Stats'!J$3:J$66) -> 0 | K30: =sumif('Season Stats'!$B$3:$B$66,"Reed Schoenfeld",'Season Stats'!K$3:K$66)+sumif('Season Stats'!$B$3:$B$66, "Pranav Ravulapati",'Season Stats'!K$3:K$66) -> 0
B31: Camden/Hamoui | C31: =IFERROR((D31/(D31+E31)),0) -> 0.17721519 | D31: =sumif('Season Stats'!$B$3:$B$66,"Camden Reeves",'Season Stats'!D$3:D$66)+sumif('Season Stats'!$B$3:$B$66, "Gabriel Hamoui",'Season Stats'!D$3:D$66) -> 28 | E31: =sumif('Season Stats'!$B$3:$B$66,"Camden Reeves",'Season Stats'!E$3:E$66)+sumif('Season Stats'!$B$3:$B$66, "Gabriel Hamoui",'Season Stats'!E$3:E$66) -> 130 | F31: =sumif('Season Stats'!$B$3:$B$66,"Camden Reeves",'Season Stats'!F$3:F$66)+sumif('Season Stats'!$B$3:$B$66, "Gabriel Hamoui",'Season Stats'!F$3:F$66) -> 6 | G31: =sumif('Season Stats'!$B$3:$B$66,"Camden Reeves",'Season Stats'!G$3:G$66)+sumif('Season Stats'!$B$3:$B$66, "Gabriel Hamoui",'Season Stats'!G$3:G$66) -> 7 | H31: =sumif('Season Stats'!$B$3:$B$66,"Camden Reeves",'Season Stats'!H$3:H$66)+sumif('Season Stats'!$B$3:$B$66, "Gabriel Hamoui",'Season Stats'!H$3:H$66) -> 2 | I31: =sumif('Season Stats'!$B$3:$B$66,"Camden Reeves",'Season Stats'!I$3:I$66)+sumif('Season Stats'!$B$3:$B$66, "Gabriel Hamoui",'Season Stats'!I$3:I$66) -> 0 | J31: =sumif('Season Stats'!$B$3:$B$66,"Camden Reeves",'Season Stats'!J$3:J$66)+sumif('Season Stats'!$B$3:$B$66, "Gabriel Hamoui",'Season Stats'!J$3:J$66) -> 0 | K31: =sumif('Season Stats'!$B$3:$B$66,"Camden Reeves",'Season Stats'!K$3:K$66)+sumif('Season Stats'!$B$3:$B$66, "Gabriel Hamoui",'Season Stats'!K$3:K$66) -> 0
B32: Bash/Grant Mullen | C32: =IFERROR((D32/(D32+E32)),0) -> 0.17 | D32: =sumif('Season Stats'!$B$3:$B$66,"Zach Bashour",'Season Stats'!D$3:D$66)+sumif('Season Stats'!$B$3:$B$66, "Grant Mullen",'Season Stats'!D$3:D$66) -> 34 | E32: =sumif('Season Stats'!$B$3:$B$66,"Zach Bashour",'Season Stats'!E$3:E$66)+sumif('Season Stats'!$B$3:$B$66, "Grant Mullen",'Season Stats'!E$3:E$66) -> 166 | F32: =sumif('Season Stats'!$B$3:$B$66,"Zach Bashour",'Season Stats'!F$3:F$66)+sumif('Season Stats'!$B$3:$B$66, "Grant Mullen",'Season Stats'!F$3:F$66) -> 1 | G32: =sumif('Season Stats'!$B$3:$B$66,"Zach Bashour",'Season Stats'!G$3:G$66)+sumif('Season Stats'!$B$3:$B$66, "Grant Mullen",'Season Stats'!G$3:G$66) -> 11 | H32: =sumif('Season Stats'!$B$3:$B$66,"Zach Bashour",'Season Stats'!H$3:H$66)+sumif('Season Stats'!$B$3:$B$66, "Grant Mullen",'Season Stats'!H$3:H$66) -> 0 | I32: =sumif('Season Stats'!$B$3:$B$66,"Zach Bashour",'Season Stats'!I$3:I$66)+sumif('Season Stats'!$B$3:$B$66, "Grant Mullen",'Season Stats'!I$3:I$66) -> 0 | J32: =sumif('Season Stats'!$B$3:$B$66,"Zach Bashour",'Season Stats'!J$3:J$66)+sumif('Season Stats'!$B$3:$B$66, "Grant Mullen",'Season Stats'!J$3:J$66) -> 0 | K32: =sumif('Season Stats'!$B$3:$B$66,"Zach Bashour",'Season Stats'!K$3:K$66)+sumif('Season Stats'!$B$3:$B$66, "Grant Mullen",'Season Stats'!K$3:K$66) -> 0
B33: PJ/Chris Connors | C33: =IFERROR((D33/(D33+E33)),0) -> 0.16901408 | D33: =sumif('Season Stats'!$B$3:$B$66,"PJ Ogilvie",'Season Stats'!D$3:D$66)+sumif('Season Stats'!$B$3:$B$66, "Chris Connors",'Season Stats'!D$3:D$66) -> 12 | E33: =sumif('Season Stats'!$B$3:$B$66,"PJ Ogilvie",'Season Stats'!E$3:E$66)+sumif('Season Stats'!$B$3:$B$66, "Chris Connors",'Season Stats'!E$3:E$66) -> 59 | F33: =sumif('Season Stats'!$B$3:$B$66,"PJ Ogilvie",'Season Stats'!F$3:F$66)+sumif('Season Stats'!$B$3:$B$66, "Chris Connors",'Season Stats'!F$3:F$66) -> 3 | G33: =sumif('Season Stats'!$B$3:$B$66,"PJ Ogilvie",'Season Stats'!G$3:G$66)+sumif('Season Stats'!$B$3:$B$66, "Chris Connors",'Season Stats'!G$3:G$66) -> 2 | H33: =sumif('Season Stats'!$B$3:$B$66,"PJ Ogilvie",'Season Stats'!H$3:H$66)+sumif('Season Stats'!$B$3:$B$66, "Chris Connors",'Season Stats'!H$3:H$66) -> 1 | I33: =sumif('Season Stats'!$B$3:$B$66,"PJ Ogilvie",'Season Stats'!I$3:I$66)+sumif('Season Stats'!$B$3:$B$66, "Chris Connors",'Season Stats'!I$3:I$66) -> 0 | J33: =sumif('Season Stats'!$B$3:$B$66,"PJ Ogilvie",'Season Stats'!J$3:J$66)+sumif('Season Stats'!$B$3:$B$66, "Chris Connors",'Season Stats'!J$3:J$66) -> 0 | K33: =sumif('Season Stats'!$B$3:$B$66,"PJ Ogilvie",'Season Stats'!K$3:K$66)+sumif('Season Stats'!$B$3:$B$66, "Chris Connors",'Season Stats'!K$3:K$66) -> 0
B34: Curtis/Ronilo | C34: =IFERROR((D34/(D34+E34)),0) -> 0.16528926 | D34: =sumif('Season Stats'!$B$3:$B$66,"Ben Curtis",'Season Stats'!D$3:D$66)+sumif('Season Stats'!$B$3:$B$66, "Jack Ronilo",'Season Stats'!D$3:D$66) -> 20 | E34: =sumif('Season Stats'!$B$3:$B$66,"Ben Curtis",'Season Stats'!E$3:E$66)+sumif('Season Stats'!$B$3:$B$66, "Jack Ronilo",'Season Stats'!E$3:E$66) -> 101 | F34: =sumif('Season Stats'!$B$3:$B$66,"Ben Curtis",'Season Stats'!F$3:F$66)+sumif('Season Stats'!$B$3:$B$66, "Jack Ronilo",'Season Stats'!F$3:F$66) -> 3 | G34: =sumif('Season Stats'!$B$3:$B$66,"Ben Curtis",'Season Stats'!G$3:G$66)+sumif('Season Stats'!$B$3:$B$66, "Jack Ronilo",'Season Stats'!G$3:G$66) -> 8 | H34: =sumif('Season Stats'!$B$3:$B$66,"Ben Curtis",'Season Stats'!H$3:H$66)+sumif('Season Stats'!$B$3:$B$66, "Jack Ronilo",'Season Stats'!H$3:H$66) -> 1 | I34: =sumif('Season Stats'!$B$3:$B$66,"Ben Curtis",'Season Stats'!I$3:I$66)+sumif('Season Stats'!$B$3:$B$66, "Jack Ronilo",'Season Stats'!I$3:I$66) -> 0 | J34: =sumif('Season Stats'!$B$3:$B$66,"Ben Curtis",'Season Stats'!J$3:J$66)+sumif('Season Stats'!$B$3:$B$66, "Jack Ronilo",'Season Stats'!J$3:J$66) -> 0 | K34: =sumif('Season Stats'!$B$3:$B$66,"Ben Curtis",'Season Stats'!K$3:K$66)+sumif('Season Stats'!$B$3:$B$66, "Jack Ronilo",'Season Stats'!K$3:K$66) -> 0

Sheet Playoff Stats
B2: Shooter | C2: Shooting | D2: Cups Made | E2: Cups Missed | F2: Splash-Out | G2: Guy | H2: Tri | I2: Di | J2: Un | K2: Vom
B3: Jack Wigmore | C3: =IFERROR((D3/(D3+E3)),0) -> 0.33333333 | D3: =6+6 -> 12 | E3: =11+13 -> 24 | F3: 1 | G3: 2 | H3: 0 | I3: 0 | J3: 0 | K3: 0
B4: Heath Lawry | C4: =IFERROR((D4/(D4+E4)),0) -> 0.33333333 | D4: =6+5 -> 11 | E4: =6+16 -> 22 | F4: 1 | G4: 2 | H4: 0 | I4: 0 | J4: 0 | K4: 0
B5: Takoa Cartwright | C5: =IFERROR((D5/(D5+E5)),0) -> 0.32432432 | D5: =7+5 -> 12 | E5: =11+14 -> 25 | F5: 2 | G5: =1+1 -> 2 | H5: 0 | I5: 0 | J5: 0 | K5: 0
B6: Joe Raza | C6: =IFERROR((D6/(D6+E6)),0) -> 0.3125 | D6: 5 | E6: 11 | F6: 1 | G6: 2 | H6: 1 | I6: 0 | J6: 0 | K6: 0
B7: Hudson Stolz | C7: =IFERROR((D7/(D7+E7)),0) -> 0.31034483 | D7: =6+3 -> 9 | E7: =9+11 -> 20 | F7: 2 | G7: 1 | H7: 0 | I7: 0 | J7: 0 | K7: 0
B8: Liam Byrne | C8: =IFERROR((D8/(D8+E8)),0) -> 0.29411765 | D8: 5 | E8: 12 | F8: 2 | G8: 0 | H8: 0 | I8: 0 | J8: 0 | K8: 0
B9: Brock Benton | C9: =IFERROR((D9/(D9+E9)),0) -> 0.29411765 | D9: 5 | E9: 12 | F9: 1 | G9: 0 | H9: 0 | I9: 0 | J9: 0 | K9: 0
B10: Charlie Truesdale | C10: =IFERROR((D10/(D10+E10)),0) -> 0.27777778 | D10: 5 | E10: 13 | F10: 1 | G10: 0 | H10: 0 | I10: 0 | J10: 0 | K10: 0
B11: Anson Mies | C11: =IFERROR((D11/(D11+E11)),0) -> 0.27027027 | D11: =6+4 -> 10 | E11: =15+12 -> 27 | F11: 2 | G11: =1+1 -> 2 | H11: 0 | I11: 0 | J11: 0 | K11: 0
B12: Will Creamer | C12: =IFERROR((D12/(D12+E12)),0) -> 0.26666667 | D12: =4+4 -> 8 | E12: =12+10 -> 22 | F12: 1 | G12: =1+1 -> 2 | H12: 1 | I12: 0 | J12: 0 | K12: 0
B13: John Tolsma | C13: =IFERROR((D13/(D13+E13)),0) -> 0.26666667 | D13: 4 | E13: 11 | F13: 1 | G13: 0 | H13: 0 | I13: 0 | J13: 0 | K13: 0
B14: Luke Brandon | C14: =IFERROR((D14/(D14+E14)),0) -> 0.24242424 | D14: =4+4 -> 8 | E14: =8+17 -> 25 | F14: 3 | G14: 0 | H14: 0 | I14: 0 | J14: 0 | K14: 0
B15: Charlie Boggs | C15: =IFERROR((D15/(D15+E15)),0) -> 0.23529412 | D15: =4+4 -> 8 | E15: =12+14 -> 26 | F15: 2 | G15: 1 | H15: 0 | I15: 0 | J15: 0 | K15: 0
B16: Ford Tate | C16: =IFERROR((D16/(D16+E16)),0) -> 0.225 | D16: =5+4 -> 9 | E16: =13+18 -> 31 | F16: 0 | G16: 1 | H16: 0 | I16: 0 | J16: 0 | K16: 1
B17: Henry Lewis | C17: =IFERROR((D17/(D17+E17)),0) -> 0.22222222 | D17: =5+7 -> 12 | E17: =25+17 -> 42 | F17: =8+1 -> 9 | G17: =1+2 -> 3 | H17: 0 | I17: 0 | J17: 0 | K17: 0
B18: Jaden Pearlmutter | C18: =IFERROR((D18/(D18+E18)),0) -> 0.2195122 | D18: =5+4 -> 9 | E18: =13+19 -> 32 | F18: =1+3 -> 4 | G18: 0 | H18: 0 | I18: 0 | J18: 0 | K18: 0
B19: Pierre Gathy | C19: =IFERROR((D19/(D19+E19)),0) -> 0.21621622 | D19: =4+4 -> 8 | E19: =17+12 -> 29 | F19: 2 | G19: 0 | H19: 0 | I19: 0 | J19: 0 | K19: 0
B20: Mati Gandarias | C20: =IFERROR((D20/(D20+E20)),0) -> 0.21621622 | D20: =3+5 -> 8 | E20: =15+14 -> 29 | F20: 2 | G20: 1 | H20: 0 | I20: 0 | J20: 0 | K20: 0
B21: Emilio Garcia | C21: =IFERROR((D21/(D21+E21)),0) -> 0.21428571 | D21: 3 | E21: 11 | F21: 0 | G21: 1 | H21: 0 | I21: 0 | J21: 0 | K21: 0
B22: Toban Doody | C22: =IFERROR((D22/(D22+E22)),0) -> 0.20689655 | D22: 6 | E22: 23 | F22: 1 | G22: 3 | H22: 0 | I22: 0 | J22: 0 | K22: 0
B23: Grant Mullen | C23: =IFERROR((D23/(D23+E23)),0) -> 0.19047619 | D23: 4 | E23: 17 | F23: 1 | G23: 0 | H23: 0 | I23: 0 | J23: 0 | K23: 0
B24: Vinny Drolet | C24: =IFERROR((D24/(D24+E24)),0) -> 0.1875 | D24: 3 | E24: 13 | F24: 0 | G24: 0 | H24: 0 | I24: 0 | J24: 0 | K24: 0
B25: Reed Schoenfeld | C25: =IFERROR((D25/(D25+E25)),0) -> 0.17857143 | D25: 5 | E25: 23 | F25: 0 | G25: 1 | H25: 0 | I25: 0 | J25: 0 | K25: 0
B26: Naman Kulkarni | C26: =IFERROR((D26/(D26+E26)),0) -> 0.17647059 | D26: 3 | E26: 14 | F26: 1 | G26: 3 | H26: 0 | I26: 0 | J26: 0 | K26: 0
B27: Gabriel Hamoui | C27: =IFERROR((D27/(D27+E27)),0) -> 0.17391304 | D27: =5+3 -> 8 | E27: =22+16 -> 38 | F27: 2 | G27: =1+1 -> 2 | H27: =1+1 -> 2 | I27: 0 | J27: 0 | K27: 0
B28: Evan Sarchio | C28: =IFERROR((D28/(D28+E28)),0) -> 0.16666667 | D28: 3 | E28: 15 | F28: 0 | G28: 0 | H28: 0 | I28: 0 | J28: 0 | K28: 0
B29: Pranav Ravulapati | C29: =IFERROR((D29/(D29+E29)),0) -> 0.14814815 | D29: 4 | E29: 23 | F29: 0 | G29: 2 | H29: 0 | I29: 0 | J29: 0 | K29: 0
B30: Everett Schroeder | C30: =IFERROR((D30/(D30+E30)),0) -> 0.14814815 | D30: =5+3 -> 8 | E30: =25+21 -> 46 | F30: 2 | G30: =2+5 -> 7 | H30: 0 | I30: 0 | J30: 0 | K30: 0
B31: Henry Morrison | C31: =IFERROR((D31/(D31+E31)),0) -> 0.10344828 | D31: 3 | E31: 26 | F31: 1 | G31: 3 | H31: 0 | I31: 0 | J31: 0 | K31: 0
B32: Camden Reeves | C32: =IFERROR((D32/(D32+E32)),0) -> 0.088888889 | D32: =2+2 -> 4 | E32: =24+17 -> 41 | F32: =1 -> 1 | G32: =1+1 -> 2 | H32: 0 | I32: 0 | J32: 0 | K32: 0
B33: Gabriel Blumenschein | C33: =IFERROR((D33/(D33+E33)),0) -> 0.0625 | D33: 1 | E33: 15 | F33: 0 | G33: 1 | H33: 0 | I33: 0 | J33: 0 | K33: 0
B34: Zach Bashour | C34: =IFERROR((D34/(D34+E34)),0) -> 0.047619048 | D34: 1 | E34: 20 | F34: 0 | G34: 2 | H34: 0 | I34: 0 | J34: 0 | K34: 0

Sheet Playoff Bracket (16)
B1: Sweet 16 | E1: Elite 8 | H1: Final 4 | K1: Championship | M1: =H1 -> Final 4 | P1: =E1 -> Elite 8 | S1: =B1 -> Sweet 16
B3: TRUE | C3: (1) Brando/Heath | S3: (6) Chuckdee/Sarch | T3: FALSE
B4: FALSE | C4: (16) Tolsma/Emilio | J4: Champion | S4: (11) Ford/JP | T4: TRUE
J5: {=iferror(vlookup(TRUE,J10:K10,2,False),iferror(VLOOKUP(TRUE,{$L$11,$K$11},2,FALSE), " "))} -> (3) Ev/Hulu
B6: Hott Region | S6: Carteaux Region
E7: FALSE | F7: =iferror(vlookup(TRUE,B3:C4,2,False),"") -> (1) Brando/Heath | P7: {=iferror(VLOOKUP(TRUE,{$T$3:$T$4,$S$3:$S$4},2,FALSE),"")} -> (11) Ford/JP | Q7: FALSE
E8: TRUE | F8: =iferror(vlookup(TRUE,B11:C12,2,False),"") -> (9) Mati/Takoa | P8: {=iferror(VLOOKUP(TRUE,{$T$11:$T$12,$S$11:$S$12},2,FALSE),"")} -> (3) Ev/Hulu | Q8: TRUE
J10: FALSE | K10: =iferror(vlookup(TRUE,H13:I14,2,False),"") -> (4) Wigs/Boggs
B11: FALSE | C11: (8) Blume/Raza | K11: {=iferror(VLOOKUP(TRUE,{$N$13:$N$14,$M$13:$M$14},2,FALSE),"")} -> (3) Ev/Hulu | L11: TRUE | S11: (3) Ev/Hulu | T11: TRUE
B12: TRUE | C12: (9) Mati/Takoa | S12: (14) Toban/Homo | T12: FALSE
H13: FALSE | I13: =iferror(vlookup(TRUE,E7:F8,2,False),"") -> (9) Mati/Takoa | M13: {=iferror(VLOOKUP(TRUE,{$Q$7:$Q$8,$P$7:$P$8},2,FALSE),"")} -> (3) Ev/Hulu | N13: TRUE
H14: TRUE | I14: =iferror(vlookup(TRUE,E19:F20,2,False),"") -> (4) Wigs/Boggs | M14: {=iferror(VLOOKUP(TRUE,{$Q$19:$Q$20,$P$19:$P$20},2,FALSE),"")} -> (7) Creamer/Hudson | N14: FALSE
B15: FALSE | C15: (5) Pranav/Reed | S15: (7) Creamer/Hudson | T15: TRUE
B16: TRUE | C16: (12) Cam/Ham | S16: (10) Brock/Vinny | T16: FALSE
B18: Pruitt Region | S18: Aldridge Region
E19: FALSE | F19: =iferror(vlookup(TRUE,B15:C16,2,False),"") -> (12) Cam/Ham | P19: {=iferror(VLOOKUP(TRUE,{$T$15:$T$16,$S$15:$S$16},2,FALSE),"")} -> (7) Creamer/Hudson | Q19: TRUE
E20: TRUE | F20: =iferror(vlookup(TRUE,B23:C24,2,False),"") -> (4) Wigs/Boggs | P20: {=iferror(VLOOKUP(TRUE,{$T$23:$T$24,$S$23:$S$24},2,FALSE),"")} -> (2) Pierre/Anson | Q20: FALSE
B23: TRUE | C23: (4) Wigs/Boggs | S23: (2) Pierre/Anson | T23: TRUE
B24: FALSE | C24: (13) Naman/Liam | S24: (15) Bash/Mullen | T24: FALSE

Sheet Blank Scorecard
B2: LIVE GAME | D2: Miss | E2: Make | F2: Splash-Out | G2: Guy | H2: Tri | I2: Di | J2: Vom | M2: Miss | N2: Make | O2: Splash-Out | P2: Guy | Q2: Tri | R2: Di | S2: Vom
B3: Shooter 1: | D3: =SUMPRODUCT(D10:D90,MOD(ROW(D10:D90),2)=0) -> 0 | E3: =SUMPRODUCT(E10:E90,MOD(ROW(E10:E90),2)=0) -> 0 | F3: =SUMPRODUCT(F10:F90,MOD(ROW(F10:F90),2)=0) -> 0 | G3: =SUMPRODUCT(G10:G90,MOD(ROW(G10:G90),2)=0) -> 0 | H3: =SUMPRODUCT(H10:H90,MOD(ROW(H10:H90),2)=0) -> 0 | I3: =SUMPRODUCT(I10:I90,MOD(ROW(I10:I90),2)=0) -> 0 | J3: =SUMPRODUCT(J10:J90,MOD(ROW(J10:J90),2)=0) -> 0 | K3: Shooter 1: | M3: =SUMPRODUCT(M10:M90,MOD(ROW(M10:M90),2)=0) -> 0 | N3: =SUMPRODUCT(N10:N90,MOD(ROW(N10:N90),2)=0) -> 0 | O3: =SUMPRODUCT(O10:O90,MOD(ROW(O10:O90),2)=0) -> 0 | P3: =SUMPRODUCT(P10:P90,MOD(ROW(P10:P90),2)=0) -> 0 | Q3: =SUMPRODUCT(Q10:Q90,MOD(ROW(Q10:Q90),2)=0) -> 0 | R3: =SUMPRODUCT(R10:R90,MOD(ROW(R10:R90),2)=0) -> 0 | S3: =SUMPRODUCT(S10:S90,MOD(ROW(S10:S90),2)=0) -> 0
B4: Shooter 2: | D4: =SUMPRODUCT(D10:D90,MOD(ROW(D10:D90),2)) -> 0 | E4: =SUMPRODUCT(E10:E90,MOD(ROW(E10:E90),2)) -> 0 | F4: =SUMPRODUCT(F10:F90,MOD(ROW(F10:F90),2)) -> 0 | G4: =SUMPRODUCT(G10:G90,MOD(ROW(G10:G90),2)) -> 0 | H4: =SUMPRODUCT(H10:H90,MOD(ROW(H10:H90),2)) -> 0 | I4: =SUMPRODUCT(I10:I90,MOD(ROW(I10:I90),2)) -> 0 | J4: =SUMPRODUCT(J10:J90,MOD(ROW(J10:J90),2)) -> 0 | K4: Shooter 2: | M4: =SUMPRODUCT(M10:M90,MOD(ROW(M10:M90),2)) -> 0 | N4: =SUMPRODUCT(N10:N90,MOD(ROW(N10:N90),2)) -> 0 | O4: =SUMPRODUCT(O10:O90,MOD(ROW(O10:O90),2)) -> 0 | P4: =SUMPRODUCT(P10:P90,MOD(ROW(P10:P90),2)) -> 0 | Q4: =SUMPRODUCT(Q10:Q90,MOD(ROW(Q10:Q90),2)) -> 0 | R4: =SUMPRODUCT(R10:R90,MOD(ROW(R10:R90),2)) -> 0 | S4: =SUMPRODUCT(S10:S90,MOD(ROW(S10:S90),2)) -> 0
C5: =IFERROR((C10 &" %"), "") | D5: =IFERROR((E3/(E3+D3)),0) -> 0 | L5: =IFERROR((L10 &" %"), "") | M5: =IFERROR((N3/(N3+M3)),0) -> 0
C6: =IFERROR((C11 &" %"), "") | D6: =IFERROR((E4/(E4+D4)),0) -> 0 | L6: =IFERROR((L11 &" %"), "") | M6: =IFERROR((N4/(N4+M4)),0) -> 0
B8: Teams
B9: Shot | C9: Shooter | D9: Miss | E9: Make | F9: Splash-Out | G9: Guy | H9: Tri | I9: Di | J9: Vom | K9: Shot | L9: Shooter | M9: Miss | N9: Make | O9: Splash-Out | P9: Guy | Q9: Tri | R9: Di | S9: Vom
B10: 1 | C10: =IFERROR(__xludf.DUMMYFUNCTION("REGEXEXTRACT(C3, ""( .*)+"")"),"#N/A") -> #N/A | K10: 1 | L10: =IFERROR(__xludf.DUMMYFUNCTION("REGEXEXTRACT(L3, ""( .*)+"")"),"#N/A") -> #N/A
B11: 1 | C11: =IFERROR(__xludf.DUMMYFUNCTION("REGEXEXTRACT(C4, ""( .*)+"")"),"#N/A") -> #N/A | K11: 1 | L11: =IFERROR(__xludf.DUMMYFUNCTION("REGEXEXTRACT(L4, ""( .*)+"")"),"#N/A") -> #N/A
B12: =B10+1 -> 2 | C12: =C10 -> #N/A | K12: =K10+1 -> 2 | L12: =L10 -> #N/A
B13: =B11+1 -> 2 | C13: =C11 -> #N/A | K13: =K11+1 -> 2 | L13: =L11 -> #N/A
B14: =B12+1 -> 3 | C14: =C12 -> #N/A | K14: =K12+1 -> 3 | L14: =L12 -> #N/A
B15: =B13+1 -> 3 | C15: =C13 -> #N/A | K15: =K13+1 -> 3 | L15: =L13 -> #N/A
B16: =B14+1 -> 4 | C16: =C14 -> #N/A | K16: =K14+1 -> 4 | L16: =L14 -> #N/A
B17: =B15+1 -> 4 | C17: =C15 -> #N/A | K17: =K15+1 -> 4 | L17: =L15 -> #N/A
B18: =B16+1 -> 5 | C18: =C16 -> #N/A | K18: =K16+1 -> 5 | L18: =L16 -> #N/A
B19: =B17+1 -> 5 | C19: =C17 -> #N/A | K19: =K17+1 -> 5 | L19: =L17 -> #N/A
B20: =B18+1 -> 6 | C20: =C18 -> #N/A | K20: =K18+1 -> 6 | L20: =L18 -> #N/A
B21: =B19+1 -> 6 | C21: =C19 -> #N/A | K21: =K19+1 -> 6 | L21: =L19 -> #N/A
B22: =B20+1 -> 7 | C22: =C20 -> #N/A | K22: =K20+1 -> 7 | L22: =L20 -> #N/A
B23: =B21+1 -> 7 | C23: =C21 -> #N/A | K23: =K21+1 -> 7 | L23: =L21 -> #N/A
... B69: =B67+1 -> 30 | C69: =C67 -> #N/A | K69: =K67+1 -> 30 | L69: =L67 -> #N/A
B70: 31 | C70: =C68 -> #N/A | K70: 31 | L70: =L68 -> #N/A
B71: 31 | C71: =C69 -> #N/A | K71: 31 | L71: =L69 -> #N/A
B72: 32 | C72: =C70 -> #N/A | K72: 32 | L72: =L70 -> #N/A
B73: 32 | C73: =C71 -> #N/A | K73: 32 | L73: =L71 -> #N/A
B74: 33 | C74: =C72 -> #N/A | K74: 33 | L74: =L72 -> #N/A
B75: 33 | C75: =C73 -> #N/A | K75: 33 | L75: =L73 -> #N/A
B76: 34 | C76: =C74 -> #N/A | K76: 34 | L76: =L74 -> #N/A
B77: 34 | C77: =C75 -> #N/A | K77: 34 | L77: =L75 -> #N/A
B78: 35 | C78: =C76 -> #N/A | K78: 35 | L78: =L76 -> #N/A
B79: 35 | C79: =C77 -> #N/A | K79: 35 | L79: =L77 -> #N/A
B80: 36 | C80: =C78 -> #N/A | K80: 36 | L80: =L78 -> #N/A
B81: 36 | C81: =C79 -> #N/A | K81: 36 | L81: =L79 -> #N/A
... B89: 40 | C89: =C87 -> #N/A | K89: 40 | L89: =L87 -> #N/A

Sheet JPShu vs EvHulu
B2: FINAL | D2: Miss | E2: Make | F2: Splash-Out | G2: Guy | H2: Tri | I2: Di | J2: Vom | M2: Miss | N2: Make | O2: Splash-Out | P2: Guy | Q2: Tri | R2: Di | S2: Vom
B3: Shooter 1: | C3: Jaden Pearlmutter | D3: =SUMPRODUCT(D10:D90,MOD(ROW(D10:D90),2)=0) -> 19 | E3: =SUMPRODUCT(E10:E90,MOD(ROW(E10:E90),2)=0) -> 4 | F3: =SUMPRODUCT(F10:F90,MOD(ROW(F10:F90),2)=0) -> 3 | G3: =SUMPRODUCT(G10:G90,MOD(ROW(G10:G90),2)=0) -> 0 | H3: =SUMPRODUCT(H10:H90,MOD(ROW(H10:H90),2)=0) -> 0 | I3: =SUMPRODUCT(I10:I90,MOD(ROW(I10:I90),2)=0) -> 0 | J3: =SUMPRODUCT(J10:J90,MOD(ROW(J10:J90),2)=0) -> 0 | K3: Shooter 1: | L3: Henry Lewis | M3: =SUMPRODUCT(M10:M90,MOD(ROW(M10:M90),2)=0) -> 17 | N3: =SUMPRODUCT(N10:N90,MOD(ROW(N10:N90),2)=0) -> 7 | O3: =SUMPRODUCT(O10:O90,MOD(ROW(O10:O90),2)=0) -> 1 | P3: =SUMPRODUCT(P10:P90,MOD(ROW(P10:P90),2)=0) -> 2 | Q3: =SUMPRODUCT(Q10:Q90,MOD(ROW(Q10:Q90),2)=0) -> 0 | R3: =SUMPRODUCT(R10:R90,MOD(ROW(R10:R90),2)=0) -> 0 | S3: =SUMPRODUCT(S10:S90,MOD(ROW(S10:S90),2)=0) -> 0
B4: Shooter 2: | C4: Ford Tate | D4: =SUMPRODUCT(D10:D90,MOD(ROW(D10:D90),2)) -> 18 | E4: =SUMPRODUCT(E10:E90,MOD(ROW(E10:E90),2)) -> 4 | F4: =SUMPRODUCT(F10:F90,MOD(ROW(F10:F90),2)) -> 0 | G4: =SUMPRODUCT(G10:G90,MOD(ROW(G10:G90),2)) -> 0 | H4: =SUMPRODUCT(H10:H90,MOD(ROW(H10:H90),2)) -> 0 | I4: =SUMPRODUCT(I10:I90,MOD(ROW(I10:I90),2)) -> 0 | J4: =SUMPRODUCT(J10:J90,MOD(ROW(J10:J90),2)) -> 1 | K4: Shooter 2: | L4: Everett Schroeder | M4: =SUMPRODUCT(M10:M90,MOD(ROW(M10:M90),2)) -> 21 | N4: =SUMPRODUCT(N10:N90,MOD(ROW(N10:N90),2)) -> 3 | O4: =SUMPRODUCT(O10:O90,MOD(ROW(O10:O90),2)) -> 0 | P4: =SUMPRODUCT(P10:P90,MOD(ROW(P10:P90),2)) -> 5 | Q4: =SUMPRODUCT(Q10:Q90,MOD(ROW(Q10:Q90),2)) -> 0 | R4: =SUMPRODUCT(R10:R90,MOD(ROW(R10:R90),2)) -> 0 | S4: =SUMPRODUCT(S10:S90,MOD(ROW(S10:S90),2)) -> 0
C5: =IFERROR((C10 &" %"), "") -> Pearlmutter % | D5: =IFERROR((E3/(E3+D3)),0) -> 0.17391304 | L5: =IFERROR((L10 &" %"), "") -> Lewis % | M5: =IFERROR((N3/(N3+M3)),0) -> 0.29166667
C6: =IFERROR((C11 &" %"), "") -> Tate % | D6: =IFERROR((E4/(E4+D4)),0) -> 0.18181818 | L6: =IFERROR((L11 &" %"), "") -> Schroeder % | M6: =IFERROR((N4/(N4+M4)),0) -> 0.125
B8: Teams
B9: Shot | C9: Shooter | D9: Miss | E9: Make | F9: Splash-Out | G9: Guy | H9: Tri | I9: Di | J9: Vom | K9: Shot | L9: Shooter | M9: Miss | N9: Make | O9: Splash-Out | P9: Guy | Q9: Tri | R9: Di | S9: Vom
B10: 1 | C10: =IFERROR(__xludf.DUMMYFUNCTION("REGEXEXTRACT(C3, ""( .*)+"")")," Pearlmutter") -> Pearlmutter | D10: 1 | K10: 1 | L10: =IFERROR(__xludf.DUMMYFUNCTION("REGEXEXTRACT(L3, ""( .*)+"")")," Lewis") -> Lewis | N10: 1
B11: 1 | C11: =IFERROR(__xludf.DUMMYFUNCTION("REGEXEXTRACT(C4, ""( .*)+"")")," Tate") -> Tate | D11: 1 | K11: 1 | L11: =IFERROR(__xludf.DUMMYFUNCTION("REGEXEXTRACT(L4, ""( .*)+"")")," Schroeder") -> Schroeder | M11: 1
B12: =B10+1 -> 2 | C12: =C10 -> Pearlmutter | E12: 1 | K12: =K10+1 -> 2 | L12: =L10 -> Lewis | M12: 1
B13: =B11+1 -> 2 | C13: =C11 -> Tate | D13: 1 | K13: =K11+1 -> 2 | L13: =L11 -> Schroeder | M13: 1
B14: =B12+1 -> 3 | C14: =C12 -> Pearlmutter | D14: 1 | K14: =K12+1 -> 3 | L14: =L12 -> Lewis | N14: 1
B15: =B13+1 -> 3 | C15: =C13 -> Tate | E15: 1 | K15: =K13+1 -> 3 | L15: =L13 -> Schroeder | N15: 1
B16: =B14+1 -> 4 | C16: =C14 -> Pearlmutter | D16: 1 | F16: 1 | K16: =K14+1 -> 4 | L16: =L14 -> Lewis | N16: 1
B17: =B15+1 -> 4 | C17: =C15 -> Tate | D17: 1 | K17: =K15+1 -> 4 | L17: =L15 -> Schroeder | M17: 1
B18: =B16+1 -> 5 | C18: =C16 -> Pearlmutter | D18: 1 | K18: =K16+1 -> 5 | L18: =L16 -> Lewis | M18: 1
B19: =B17+1 -> 5 | C19: =C17 -> Tate | D19: 1 | K19: =K17+1 -> 5 | L19: =L17 -> Schroeder | N19: 1
B20: =B18+1 -> 6 | C20: =C18 -> Pearlmutter | D20: 1 | K20: =K18+1 -> 6 | L20: =L18 -> Lewis | M20: 1
B21: =B19+1 -> 6 | C21: =C19 -> Tate | D21: 1 | K21: =K19+1 -> 6 | L21: =L19 -> Schroeder | M21: 1
B22: =B20+1 -> 7 | C22: =C20 -> Pearlmutter | E22: 1 | K22: =K20+1 -> 7 | L22: =L20 -> Lewis | M22: 1
B23: =B21+1 -> 7 | C23: =C21 -> Tate | J23: 1 | K23: =K21+1 -> 7 | L23: =L21 -> Schroeder | M23: 1
B24: =B22+1 -> 8 | C24: =C22 -> Pearlmutter | D24: 1 | K24: =K22+1 -> 8 | L24: =L22 -> Lewis | N24: 1
B25: =B23+1 -> 8 | C25: =C23 -> Tate | D25: 1 | K25: =K23+1 -> 8 | L25: =L23 -> Schroeder | M25: 1
B26: =B24+1 -> 9 | C26: =C24 -> Pearlmutter | D26: 1 | K26: =K24+1 -> 9 | L26: =L24 -> Lewis | M26: 1
B27: =B25+1 -> 9 | C27: =C25 -> Tate | D27: 1 | K27: =K25+1 -> 9 | L27: =L25 -> Schroeder | N27: 1
B28: =B26+1 -> 10 | C28: =C26 -> Pearlmutter | D28: 1 | K28: =K26+1 -> 10 | L28: =L26 -> Lewis | M28: 1 | O28: 1
B29: =B27+1 -> 10 | C29: =C27 -> Tate | E29: 1 | K29: =K27+1 -> 10 | L29: =L27 -> Schroeder | M29: 1
B30: =B28+1 -> 11 | C30: =C28 -> Pearlmutter | E30: 1 | K30: =K28+1 -> 11 | L30: =L28 -> Lewis | M30: 1
B31: =B29+1 -> 11 | C31: =C29 -> Tate | D31: 1 | K31: =K29+1 -> 11 | L31: =L29 -> Schroeder | M31: 1 | P31: 1
B32: =B30+1 -> 12 | C32: =C30 -> Pearlmutter | D32: 1 | K32: =K30+1 -> 12 | L32: =L30 -> Lewis | N32: 1
B33: =B31+1 -> 12 | C33: =C31 -> Tate | D33: 1 | K33: =K31+1 -> 12 | L33: =L31 -> Schroeder | M33: 1
B34: =B32+1 -> 13 | C34: =C32 -> Pearlmutter | D34: 1 | K34: =K32+1 -> 13 | L34: =L32 -> Lewis | M34: 1
B35: =B33+1 -> 13 | C35: =C33 -> Tate | D35: 1 | K35: =K33+1 -> 13 | L35: =L33 -> Schroeder | M35: 1 | P35: 1
B36: =B34+1 -> 14 | C36: =C34 -> Pearlmutter | D36: 1 | K36: =K34+1 -> 14 | L36: =L34 -> Lewis | M36: 1
B37: =B35+1 -> 14 | C37: =C35 -> Tate | D37: 1 | K37: =K35+1 -> 14 | L37: =L35 -> Schroeder | M37: 1
B38: =B36+1 -> 15 | C38: =C36 -> Pearlmutter | D38: 1 | K38: =K36+1 -> 15 | L38: =L36 -> Lewis | M38: 1 | P38: 1
B39: =B37+1 -> 15 | C39: =C37 -> Tate | E39: 1 | K39: =K37+1 -> 15 | L39: =L37 -> Schroeder | M39: 1 | P39: 1
B40: =B38+1 -> 16 | C40: =C38 -> Pearlmutter | D40: 1 | K40: =K38+1 -> 16 | L40: =L38 -> Lewis | N40: 1
B41: =B39+1 -> 16 | C41: =C39 -> Tate | E41: 1 | K41: =K39+1 -> 16 | L41: =L39 -> Schroeder | M41: 1
B42: =B40+1 -> 17 | C42: =C40 -> Pearlmutter | E42: 1 | K42: =K40+1 -> 17 | L42: =L40 -> Lewis | M42: 1
B43: =B41+1 -> 17 | C43: =C41 -> Tate | D43: 1 | K43: =K41+1 -> 17 | L43: =L41 -> Schroeder | M43: 1
B44: =B42+1 -> 18 | C44: =C42 -> Pearlmutter | D44: 1 | F44: 1 | K44: =K42+1 -> 18 | L44: =L42 -> Lewis | M44: 1
B45: =B43+1 -> 18 | C45: =C43 -> Tate | D45: 1 | K45: =K43+1 -> 18 | L45: =L43 -> Schroeder | M45: 1
B46: =B44+1 -> 19 | C46: =C44 -> Pearlmutter | D46: 1 | F46: 1 | K46: =K44+1 -> 19 | L46: =L44 -> Lewis | M46: 1
B47: =B45+1 -> 19 | C47: =C45 -> Tate | D47: 1 | K47: =K45+1 -> 19 | L47: =L45 -> Schroeder | M47: 1
B48: =B46+1 -> 20 | C48: =C46 -> Pearlmutter | D48: 1 | K48: =K46+1 -> 20 | L48: =L46 -> Lewis | M48: 1
B49: =B47+1 -> 20 | C49: =C47 -> Tate | D49: 1 | K49: =K47+1 -> 20 | L49: =L47 -> Schroeder | M49: 1
B50: =B48+1 -> 21 | C50: =C48 -> Pearlmutter | D50: 1 | K50: =K48+1 -> 21 | L50: =L48 -> Lewis | M50: 1
B51: =B49+1 -> 21 | C51: =C49 -> Tate | D51: 1 | K51: =K49+1 -> 21 | L51: =L49 -> Schroeder | M51: 1
B52: =B50+1 -> 22 | C52: =C50 -> Pearlmutter | D52: 1 | K52: =K50+1 -> 22 | L52: =L50 -> Lewis | M52: 1 | P52: 1
B53: =B51+1 -> 22 | C53: =C51 -> Tate | D53: 1 | K53: =K51+1 -> 22 | L53: =L51 -> Schroeder | M53: 1 | P53: 1
B54: =B52+1 -> 23 | C54: =C52 -> Pearlmutter | D54: 1 | K54: =K52+1 -> 23 | L54: =L52 -> Lewis | M54: 1
B55: =B53+1 -> 23 | C55: =C53 -> Tate | D55: 1 | K55: =K53+1 -> 23 | L55: =L53 -> Schroeder | M55: 1
B56: =B54+1 -> 24 | C56: =C54 -> Pearlmutter | K56: =K54+1 -> 24 | L56: =L54 -> Lewis | N56: 1
B57: =B55+1 -> 24 | C57: =C55 -> Tate | K57: =K55+1 -> 24 | L57: =L55 -> Schroeder | M57: 1 | P57: 1
B58: =B56+1 -> 25 | C58: =C56 -> Pearlmutter | K58: =K56+1 -> 25 | L58: =L56 -> Lewis
B59: =B57+1 -> 25 | C59: =C57 -> Tate | K59: =K57+1 -> 25 | L59: =L57 -> Schroeder
B60: =B58+1 -> 26 | C60: =C58 -> Pearlmutter | K60: =K58+1 -> 26 | L60: =L58 -> Lewis
B61: =B59+1 -> 26 | C61: =C59 -> Tate | K61: =K59+1 -> 26 | L61: =L59 -> Schroeder
B62: =B60+1 -> 27 | C62: =C60 -> Pearlmutter | K62: =K60+1 -> 27 | L62: =L60 -> Lewis
B63: =B61+1 -> 27 | C63: =C61 -> Tate | K63: =K61+1 -> 27 | L63: =L61 -> Schroeder
B64: =B62+1 -> 28 | C64: =C62 -> Pearlmutter | K64: =K62+1 -> 28 | L64: =L62 -> Lewis
B65: =B63+1 -> 28 | C65: =C63 -> Tate | K65: =K63+1 -> 28 | L65: =L63 -> Schroeder
B66: =B64+1 -> 29 | C66: =C64 -> Pearlmutter | K66: =K64+1 -> 29 | L66: =L64 -> Lewis
B67: =B65+1 -> 29 | C67: =C65 -> Tate | K67: =K65+1 -> 29 | L67: =L65 -> Schroeder
B68: =B66+1 -> 30 | C68: =C66 -> Pearlmutter | K68: =K66+1 -> 30 | L68: =L66 -> Lewis
B69: =B67+1 -> 30 | C69: =C67 -> Tate | K69: =K67+1 -> 30 | L69: =L67 -> Schroeder
B70: 31 | C70: =C68 -> Pearlmutter | K70: 31 | L70: =L68 -> Lewis
B71: 31 | C71: =C69 -> Tate | K71: 31 | L71: =L69 -> Schroeder
B72: 32 | C72: =C70 -> Pearlmutter | K72: 32 | L72: =L70 -> Lewis
B73: 32 | C73: =C71 -> Tate | K73: 32 | L73: =L71 -> Schroeder
B74: 33 | C74: =C72 -> Pearlmutter | K74: 33 | L74: =L72 -> Lewis
B75: 33 | C75: =C73 -> Tate | K75: 33 | L75: =L73 -> Schroeder
B76: 34 | C76: =C74 -> Pearlmutter | K76: 34 | L76: =L74 -> Lewis
B77: 34 | C77: =C75 -> Tate | K77: 34 | L77: =L75 -> Schroeder
B78: 35 | C78: =C76 -> Pearlmutter | K78: 35 | L78: =L76 -> Lewis
B79: 35 | C79: =C77 -> Tate | K79: 35 | L79: =L77 -> Schroeder
B80: 36 | C80: =C78 -> Pearlmutter | K80: 36 | L80: =L78 -> Lewis
B81: 36 | C81: =C79 -> Tate | K81: 36 | L81: =L79 -> Schroeder
... B89: 40 | C89: =C87 -> Tate | K89: 40 | L89: =L87 -> Schroeder

Sheet BrandoHeath vs. Hispanics
B2: FINAL | D2: Miss | E2: Make | F2: Splash-Out | G2: Guy | H2: Tri | I2: Di | J2: Vom | M2: Miss | N2: Make | O2: Splash-Out | P2: Guy | Q2: Tri | R2: Di | S2: Vom
B3: Shooter 1: | C3: Heath Lawry | D3: =SUMPRODUCT(D10:D90,MOD(ROW(D10:D90),2)=0) -> 16 | E3: =SUMPRODUCT(E10:E90,MOD(ROW(E10:E90),2)=0) -> 5 | F3: =SUMPRODUCT(F10:F90,MOD(ROW(F10:F90),2)=0) -> 1 | G3: =SUMPRODUCT(G10:G90,MOD(ROW(G10:G90),2)=0) -> 1 | H3: =SUMPRODUCT(H10:H90,MOD(ROW(H10:H90),2)=0) -> 0 | I3: =SUMPRODUCT(I10:I90,MOD(ROW(I10:I90),2)=0) -> 0 | J3: =SUMPRODUCT(J10:J90,MOD(ROW(J10:J90),2)=0) -> 0 | K3: Shooter 1: | L3: Mati Gandarias | M3: =SUMPRODUCT(M10:M90,MOD(ROW(M10:M90),2)=0) -> 14 | N3: =SUMPRODUCT(N10:N90,MOD(ROW(N10:N90),2)=0) -> 5 | O3: =SUMPRODUCT(O10:O90,MOD(ROW(O10:O90),2)=0) -> 0 | P3: =SUMPRODUCT(P10:P90,MOD(ROW(P10:P90),2)=0) -> 0 | Q3: =SUMPRODUCT(Q10:Q90,MOD(ROW(Q10:Q90),2)=0) -> 0 | R3: =SUMPRODUCT(R10:R90,MOD(ROW(R10:R90),2)=0) -> 0 | S3: =SUMPRODUCT(S10:S90,MOD(ROW(S10:S90),2)=0) -> 0
B4: Shooter 2: | C4: Luke Brandon | D4: =SUMPRODUCT(D10:D90,MOD(ROW(D10:D90),2)) -> 17 | E4: =SUMPRODUCT(E10:E90,MOD(ROW(E10:E90),2)) -> 4 | F4: =SUMPRODUCT(F10:F90,MOD(ROW(F10:F90),2)) -> 3 | G4: =SUMPRODUCT(G10:G90,MOD(ROW(G10:G90),2)) -> 0 | H4: =SUMPRODUCT(H10:H90,MOD(ROW(H10:H90),2)) -> 0 | I4: =SUMPRODUCT(I10:I90,MOD(ROW(I10:I90),2)) -> 0 | J4: =SUMPRODUCT(J10:J90,MOD(ROW(J10:J90),2)) -> 0 | K4: Shooter 2: | L4: Takoa Cartwright | M4: =SUMPRODUCT(M10:M90,MOD(ROW(M10:M90),2)) -> 14 | N4: =SUMPRODUCT(N10:N90,MOD(ROW(N10:N90),2)) -> 5 | O4: =SUMPRODUCT(O10:O90,MOD(ROW(O10:O90),2)) -> 0 | P4: =SUMPRODUCT(P10:P90,MOD(ROW(P10:P90),2)) -> 2 | Q4: =SUMPRODUCT(Q10:Q90,MOD(ROW(Q10:Q90),2)) -> 0 | R4: =SUMPRODUCT(R10:R90,MOD(ROW(R10:R90),2)) -> 0 | S4: =SUMPRODUCT(S10:S90,MOD(ROW(S10:S90),2)) -> 0
C5: =IFERROR((C10 &" %"), "") -> Lawry % | D5: =IFERROR((E3/(E3+D3)),0) -> 0.23809524 | L5: =IFERROR((L10 &" %"), "") -> Gandarias % | M5: =IFERROR((N3/(N3+M3)),0) -> 0.26315789
C6: =IFERROR((C11 &" %"), "") -> Brandon % | D6: =IFERROR((E4/(E4+D4)),0) -> 0.19047619 | L6: =IFERROR((L11 &" %"), "") -> Cartwright % | M6: =IFERROR((N4/(N4+M4)),0) -> 0.26315789
B8: Teams
B9: Shot | C9: Shooter | D9: Miss | E9: Make | F9: Splash-Out | G9: Guy | H9: Tri | I9: Di | J9: Vom | K9: Shot | L9: Shooter | M9: Miss | N9: Make | O9: Splash-Out | P9: Guy | Q9: Tri | R9: Di | S9: Vom
B10: 1 | C10: =IFERROR(__xludf.DUMMYFUNCTION("REGEXEXTRACT(C3, ""( .*)+"")")," Lawry") -> Lawry | E10: 1 | K10: 1 | L10: =IFERROR(__xludf.DUMMYFUNCTION("REGEXEXTRACT(L3, ""( .*)+"")")," Gandarias") -> Gandarias | N10: 1
B11: 1 | C11: =IFERROR(__xludf.DUMMYFUNCTION("REGEXEXTRACT(C4, ""( .*)+"")")," Brandon") -> Brandon | D11: 1 | K11: 1 | L11: =IFERROR(__xludf.DUMMYFUNCTION("REGEXEXTRACT(L4, ""( .*)+"")")," Cartwright") -> Cartwright | M11: 1
B12: =B10+1 -> 2 | C12: =C10 -> Lawry | D12: 1 | K12: =K10+1 -> 2 | L12: =L10 -> Gandarias | M12: 1
B13: =B11+1 -> 2 | C13: =C11 -> Brandon | D13: 1 | K13: =K11+1 -> 2 | L13: =L11 -> Cartwright | N13: 1
B14: =B12+1 -> 3 | C14: =C12 -> Lawry | E14: 1 | K14: =K12+1 -> 3 | L14: =L12 -> Gandarias | M14: 1
B15: =B13+1 -> 3 | C15: =C13 -> Brandon | E15: 1 | K15: =K13+1 -> 3 | L15: =L13 -> Cartwright | N15: 1
B16: =B14+1 -> 4 | C16: =C14 -> Lawry | D16: 1 | K16: =K14+1 -> 4 | L16: =L14 -> Gandarias | N16: 1
B17: =B15+1 -> 4 | C17: =C15 -> Brandon | E17: 1 | K17: =K15+1 -> 4 | L17: =L15 -> Cartwright | M17: 1
B18: =B16+1 -> 5 | C18: =C16 -> Lawry | E18: 1 | K18: =K16+1 -> 5 | L18: =L16 -> Gandarias | M18: 1
B19: =B17+1 -> 5 | C19: =C17 -> Brandon | D19: 1 | K19: =K17+1 -> 5 | L19: =L17 -> Cartwright | M19: 1
B20: =B18+1 -> 6 | C20: =C18 -> Lawry | E20: 1 | K20: =K18+1 -> 6 | L20: =L18 -> Gandarias | N20: 1
B21: =B19+1 -> 6 | C21: =C19 -> Brandon | E21: 1 | K21: =K19+1 -> 6 | L21: =L19 -> Cartwright | M21: 1
B22: =B20+1 -> 7 | C22: =C20 -> Lawry | D22: 1 | F22: 1 | K22: =K20+1 -> 7 | L22: =L20 -> Gandarias | N22: 1
B23: =B21+1 -> 7 | C23: =C21 -> Brandon | D23: 1 | F23: 1 | K23: =K21+1 -> 7 | L23: =L21 -> Cartwright | M23: 1 | P23: 1
B24: =B22+1 -> 8 | C24: =C22 -> Lawry | D24: 1 | K24: =K22+1 -> 8 | L24: =L22 -> Gandarias | M24: 1
B25: =B23+1 -> 8 | C25: =C23 -> Brandon | D25: 1 | K25: =K23+1 -> 8 | L25: =L23 -> Cartwright | N25: 1
B26: =B24+1 -> 9 | C26: =C24 -> Lawry | D26: 1 | K26: =K24+1 -> 9 | L26: =L24 -> Gandarias | M26: 1
B27: =B25+1 -> 9 | C27: =C25 -> Brandon | D27: 1 | F27: 1 | K27: =K25+1 -> 9 | L27: =L25 -> Cartwright | M27: 1
B28: =B26+1 -> 10 | C28: =C26 -> Lawry | E28: 1 | K28: =K26+1 -> 10 | L28: =L26 -> Gandarias | N28: 1
B29: =B27+1 -> 10 | C29: =C27 -> Brandon | D29: 1 | K29: =K27+1 -> 10 | L29: =L27 -> Cartwright | N29: 1
B30: =B28+1 -> 11 | C30: =C28 -> Lawry | D30: 1 | K30: =K28+1 -> 11 | L30: =L28 -> Gandarias | M30: 1
B31: =B29+1 -> 11 | C31: =C29 -> Brandon | D31: 1 | K31: =K29+1 -> 11 | L31: =L29 -> Cartwright | M31: 1
B32: =B30+1 -> 12 | C32: =C30 -> Lawry | D32: 1 | K32: =K30+1 -> 12 | L32: =L30 -> Gandarias | M32: 1
B33: =B31+1 -> 12 | C33: =C31 -> Brandon | D33: 1 | K33: =K31+1 -> 12 | L33: =L31 -> Cartwright | M33: 1
B34: =B32+1 -> 13 | C34: =C32 -> Lawry | D34: 1 | K34: =K32+1 -> 13 | L34: =L32 -> Gandarias | M34: 1
B35: =B33+1 -> 13 | C35: =C33 -> Brandon | D35: 1 | F35: 1 | K35: =K33+1 -> 13 | L35: =L33 -> Cartwright | M35: 1
B36: =B34+1 -> 14 | C36: =C34 -> Lawry | D36: 1 | K36: =K34+1 -> 14 | L36: =L34 -> Gandarias | M36: 1
B37: =B35+1 -> 14 | C37: =C35 -> Brandon | D37: 1 | K37: =K35+1 -> 14 | L37: =L35 -> Cartwright | M37: 1
B38: =B36+1 -> 15 | C38: =C36 -> Lawry | D38: 1 | K38: =K36+1 -> 15 | L38: =L36 -> Gandarias | M38: 1
B39: =B37+1 -> 15 | C39: =C37 -> Brandon | D39: 1 | K39: =K37+1 -> 15 | L39: =L37 -> Cartwright | M39: 1
B40: =B38+1 -> 16 | C40: =C38 -> Lawry | D40: 1 | K40: =K38+1 -> 16 | L40: =L38 -> Gandarias | M40: 1
B41: =B39+1 -> 16 | C41: =C39 -> Brandon | D41: 1 | K41: =K39+1 -> 16 | L41: =L39 -> Cartwright | M41: 1
B42: =B40+1 -> 17 | C42: =C40 -> Lawry | D42: 1 | K42: =K40+1 -> 17 | L42: =L40 -> Gandarias | M42: 1
B43: =B41+1 -> 17 | C43: =C41 -> Brandon | D43: 1 | K43: =K41+1 -> 17 | L43: =L41 -> Cartwright | M43: 1 | P43: 1
B44: =B42+1 -> 18 | C44: =C42 -> Lawry | D44: 1 | G44: 1 | K44: =K42+1 -> 18 | L44: =L42 -> Gandarias | M44: 1
B45: =B43+1 -> 18 | C45: =C43 -> Brandon | D45: 1 | K45: =K43+1 -> 18 | L45: =L43 -> Cartwright | M45: 1
B46: =B44+1 -> 19 | C46: =C44 -> Lawry | D46: 1 | K46: =K44+1 -> 19 | L46: =L44 -> Gandarias | M46: 1
B47: =B45+1 -> 19 | C47: =C45 -> Brandon | D47: 1 | K47: =K45+1 -> 19 | L47: =L45 -> Cartwright | N47: 1
B48: =B46+1 -> 20 | C48: =C46 -> Lawry | D48: 1 | K48: =K46+1 -> 20 | L48: =L46 -> Gandarias
B49: =B47+1 -> 20 | C49: =C47 -> Brandon | E49: 1 | K49: =K47+1 -> 20 | L49: =L47 -> Cartwright
B50: =B48+1 -> 21 | C50: =C48 -> Lawry | D50: 1 | K50: =K48+1 -> 21 | L50: =L48 -> Gandarias
B51: =B49+1 -> 21 | C51: =C49 -> Brandon | D51: 1 | K51: =K49+1 -> 21 | L51: =L49 -> Cartwright
B52: =B50+1 -> 22 | C52: =C50 -> Lawry | K52: =K50+1 -> 22 | L52: =L50 -> Gandarias
B53: =B51+1 -> 22 | C53: =C51 -> Brandon | K53: =K51+1 -> 22 | L53: =L51 -> Cartwright
B54: =B52+1 -> 23 | C54: =C52 -> Lawry | K54: =K52+1 -> 23 | L54: =L52 -> Gandarias
B55: =B53+1 -> 23 | C55: =C53 -> Brandon | K55: =K53+1 -> 23 | L55: =L53 -> Cartwright
B56: =B54+1 -> 24 | C56: =C54 -> Lawry | K56: =K54+1 -> 24 | L56: =L54 -> Gandarias
B57: =B55+1 -> 24 | C57: =C55 -> Brandon | K57: =K55+1 -> 24 | L57: =L55 -> Cartwright
B58: =B56+1 -> 25 | C58: =C56 -> Lawry | K58: =K56+1 -> 25 | L58: =L56 -> Gandarias
B59: =B57+1 -> 25 | C59: =C57 -> Brandon | K59: =K57+1 -> 25 | L59: =L57 -> Cartwright
B60: =B58+1 -> 26 | C60: =C58 -> Lawry | K60: =K58+1 -> 26 | L60: =L58 -> Gandarias
B61: =B59+1 -> 26 | C61: =C59 -> Brandon | K61: =K59+1 -> 26 | L61: =L59 -> Cartwright
B62: =B60+1 -> 27 | C62: =C60 -> Lawry | K62: =K60+1 -> 27 | L62: =L60 -> Gandarias
B63: =B61+1 -> 27 | C63: =C61 -> Brandon | K63: =K61+1 -> 27 | L63: =L61 -> Cartwright
... B69: =B67+1 -> 30 | C69: =C67 -> Brandon | K69: =K67+1 -> 30 | L69: =L67 -> Cartwright
B70: 31 | C70: =C68 -> Lawry | K70: 31 | L70: =L68 -> Gandarias
B71: 31 | C71: =C69 -> Brandon | K71: 31 | L71: =L69 -> Cartwright
B72: 32 | C72: =C70 -> Lawry | K72: 32 | L72: =L70 -> Gandarias
B73: 32 | C73: =C71 -> Brandon | K73: 32 | L73: =L71 -> Cartwright
B74: 33 | C74: =C72 -> Lawry | K74: 33 | L74: =L72 -> Gandarias
B75: 33 | C75: =C73 -> Brandon | K75: 33 | L75: =L73 -> Cartwright
B76: 34 | C76: =C74 -> Lawry | K76: 34 | L76: =L74 -> Gandarias
B77: 34 | C77: =C75 -> Brandon | K77: 34 | L77: =L75 -> Cartwright
B78: 35 | C78: =C76 -> Lawry | K78: 35 | L78: =L76 -> Gandarias
B79: 35 | C79: =C77 -> Brandon | K79: 35 | L79: =L77 -> Cartwright
B80: 36 | C80: =C78 -> Lawry | K80: 36 | L80: =L78 -> Gandarias
B81: 36 | C81: =C79 -> Brandon | K81: 36 | L81: =L79 -> Cartwright
... B89: 40 | C89: =C87 -> Brandon | K89: 40 | L89: =L87 -> Cartwright

Sheet CamHam vs. WigsBoggs
B2: FINAL | D2: Miss | E2: Make | F2: Splash-Out | G2: Guy | H2: Tri | I2: Di | J2: Vom | M2: Miss | N2: Make | O2: Splash-Out | P2: Guy | Q2: Tri | R2: Di | S2: Vom
B3: Shooter 1: | C3: Gabriel Hamoui | D3: =SUMPRODUCT(D10:D90,MOD(ROW(D10:D90),2)=0) -> 16 | E3: =SUMPRODUCT(E10:E90,MOD(ROW(E10:E90),2)=0) -> 3 | F3: =SUMPRODUCT(F10:F90,MOD(ROW(F10:F90),2)=0) -> 0 | G3: =SUMPRODUCT(G10:G90,MOD(ROW(G10:G90),2)=0) -> 1 | H3: =SUMPRODUCT(H10:H90,MOD(ROW(H10:H90),2)=0) -> 1 | I3: =SUMPRODUCT(I10:I90,MOD(ROW(I10:I90),2)=0) -> 0 | J3: =SUMPRODUCT(J10:J90,MOD(ROW(J10:J90),2)=0) -> 0 | K3: Shooter 1: | L3: Jack Wigmore | M3: =SUMPRODUCT(M10:M90,MOD(ROW(M10:M90),2)=0) -> 13 | N3: =SUMPRODUCT(N10:N90,MOD(ROW(N10:N90),2)=0) -> 6 | O3: =SUMPRODUCT(O10:O90,MOD(ROW(O10:O90),2)=0) -> 0 | P3: =SUMPRODUCT(P10:P90,MOD(ROW(P10:P90),2)=0) -> 0 | Q3: =SUMPRODUCT(Q10:Q90,MOD(ROW(Q10:Q90),2)=0) -> 0 | R3: =SUMPRODUCT(R10:R90,MOD(ROW(R10:R90),2)=0) -> 0 | S3: =SUMPRODUCT(S10:S90,MOD(ROW(S10:S90),2)=0) -> 0
B4: Shooter 2: | C4: Camden Reeves | D4: =SUMPRODUCT(D10:D90,MOD(ROW(D10:D90),2)) -> 17 | E4: =SUMPRODUCT(E10:E90,MOD(ROW(E10:E90),2)) -> 2 | F4: =SUMPRODUCT(F10:F90,MOD(ROW(F10:F90),2)) -> 1 | G4: =SUMPRODUCT(G10:G90,MOD(ROW(G10:G90),2)) -> 1 | H4: =SUMPRODUCT(H10:H90,MOD(ROW(H10:H90),2)) -> 0 | I4: =SUMPRODUCT(I10:I90,MOD(ROW(I10:I90),2)) -> 0 | J4: =SUMPRODUCT(J10:J90,MOD(ROW(J10:J90),2)) -> 0 | K4: Shooter 2: | L4: Charlie Boggs | M4: =SUMPRODUCT(M10:M90,MOD(ROW(M10:M90),2)) -> 14 | N4: =SUMPRODUCT(N10:N90,MOD(ROW(N10:N90),2)) -> 4 | O4: =SUMPRODUCT(O10:O90,MOD(ROW(O10:O90),2)) -> 0 | P4: =SUMPRODUCT(P10:P90,MOD(ROW(P10:P90),2)) -> 0 | Q4: =SUMPRODUCT(Q10:Q90,MOD(ROW(Q10:Q90),2)) -> 0 | R4: =SUMPRODUCT(R10:R90,MOD(ROW(R10:R90),2)) -> 0 | S4: =SUMPRODUCT(S10:S90,MOD(ROW(S10:S90),2)) -> 0
C5: =IFERROR((C10 &" %"), "") -> Hamoui % | D5: =IFERROR((E3/(E3+D3)),0) -> 0.15789474 | L5: =IFERROR((L10 &" %"), "") -> Wigmore % | M5: =IFERROR((N3/(N3+M3)),0) -> 0.31578947
C6: =IFERROR((C11 &" %"), "") -> Reeves % | D6: =IFERROR((E4/(E4+D4)),0) -> 0.10526316 | L6: =IFERROR((L11 &" %"), "") -> Boggs % | M6: =IFERROR((N4/(N4+M4)),0) -> 0.22222222
B8: Teams
B9: Shot | C9: Shooter | D9: Miss | E9: Make | F9: Splash-Out | G9: Guy | H9: Tri | I9: Di | J9: Vom | K9: Shot | L9: Shooter | M9: Miss | N9: Make | O9: Splash-Out | P9: Guy | Q9: Tri | R9: Di | S9: Vom
B10: 1 | C10: =IFERROR(__xludf.DUMMYFUNCTION("REGEXEXTRACT(C3, ""( .*)+"")")," Hamoui") -> Hamoui | D10: 1 | K10: 1 | L10: =IFERROR(__xludf.DUMMYFUNCTION("REGEXEXTRACT(L3, ""( .*)+"")")," Wigmore") -> Wigmore | M10: 1
B11: 1 | C11: =IFERROR(__xludf.DUMMYFUNCTION("REGEXEXTRACT(C4, ""( .*)+"")")," Reeves") -> Reeves | D11: 1 | K11: 1 | L11: =IFERROR(__xludf.DUMMYFUNCTION("REGEXEXTRACT(L4, ""( .*)+"")")," Boggs") -> Boggs | N11: 1
B12: =B10+1 -> 2 | C12: =C10 -> Hamoui | D12: 1 | H12: 1 | K12: =K10+1 -> 2 | L12: =L10 -> Wigmore | M12: 1
B13: =B11+1 -> 2 | C13: =C11 -> Reeves | D13: 1 | K13: =K11+1 -> 2 | L13: =L11 -> Boggs | M13: 1
B14: =B12+1 -> 3 | C14: =C12 -> Hamoui | D14: 1 | K14: =K12+1 -> 3 | L14: =L12 -> Wigmore | N14: 1
B15: =B13+1 -> 3 | C15: =C13 -> Reeves | D15: 1 | K15: =K13+1 -> 3 | L15: =L13 -> Boggs | N15: 1
B16: =B14+1 -> 4 | C16: =C14 -> Hamoui | D16: 1 | K16: =K14+1 -> 4 | L16: =L14 -> Wigmore | M16: 1
B17: =B15+1 -> 4 | C17: =C15 -> Reeves | D17: 1 | K17: =K15+1 -> 4 | L17: =L15 -> Boggs | N17: 1
B18: =B16+1 -> 5 | C18: =C16 -> Hamoui | E18: 1 | K18: =K16+1 -> 5 | L18: =L16 -> Wigmore | N18: 1
B19: =B17+1 -> 5 | C19: =C17 -> Reeves | D19: 1 | K19: =K17+1 -> 5 | L19: =L17 -> Boggs | M19: 1
B20: =B18+1 -> 6 | C20: =C18 -> Hamoui | D20: 1 | K20: =K18+1 -> 6 | L20: =L18 -> Wigmore | M20: 1
B21: =B19+1 -> 6 | C21: =C19 -> Reeves | D21: 1 | K21: =K19+1 -> 6 | L21: =L19 -> Boggs | M21: 1
B22: =B20+1 -> 7 | C22: =C20 -> Hamoui | D22: 1 | G22: 1 | K22: =K20+1 -> 7 | L22: =L20 -> Wigmore | M22: 1
B23: =B21+1 -> 7 | C23: =C21 -> Reeves | E23: 1 | K23: =K21+1 -> 7 | L23: =L21 -> Boggs | M23: 1
B24: =B22+1 -> 8 | C24: =C22 -> Hamoui | D24: 1 | K24: =K22+1 -> 8 | L24: =L22 -> Wigmore | M24: 1
B25: =B23+1 -> 8 | C25: =C23 -> Reeves | D25: 1 | K25: =K23+1 -> 8 | L25: =L23 -> Boggs | M25: 1
B26: =B24+1 -> 9 | C26: =C24 -> Hamoui | E26: 1 | K26: =K24+1 -> 9 | L26: =L24 -> Wigmore | M26: 1
B27: =B25+1 -> 9 | C27: =C25 -> Reeves | D27: 1 | K27: =K25+1 -> 9 | L27: =L25 -> Boggs | M27: 1
B28: =B26+1 -> 10 | C28: =C26 -> Hamoui | D28: 1 | K28: =K26+1 -> 10 | L28: =L26 -> Wigmore | N28: 1
B29: =B27+1 -> 10 | C29: =C27 -> Reeves | D29: 1 | K29: =K27+1 -> 10 | L29: =L27 -> Boggs | M29: 1
B30: =B28+1 -> 11 | C30: =C28 -> Hamoui | D30: 1 | K30: =K28+1 -> 11 | L30: =L28 -> Wigmore | M30: 1
B31: =B29+1 -> 11 | C31: =C29 -> Reeves | D31: 1 | G31: 1 | K31: =K29+1 -> 11 | L31: =L29 -> Boggs | N31: 1
B32: =B30+1 -> 12 | C32: =C30 -> Hamoui | E32: 1 | K32: =K30+1 -> 12 | L32: =L30 -> Wigmore | M32: 1
B33: =B31+1 -> 12 | C33: =C31 -> Reeves | E33: 1 | K33: =K31+1 -> 12 | L33: =L31 -> Boggs | M33: 1
B34: =B32+1 -> 13 | C34: =C32 -> Hamoui | D34: 1 | K34: =K32+1 -> 13 | L34: =L32 -> Wigmore | M34: 1
B35: =B33+1 -> 13 | C35: =C33 -> Reeves | D35: 1 | K35: =K33+1 -> 13 | L35: =L33 -> Boggs | M35: 1
B36: =B34+1 -> 14 | C36: =C34 -> Hamoui | D36: 1 | K36: =K34+1 -> 14 | L36: =L34 -> Wigmore | M36: 1
B37: =B35+1 -> 14 | C37: =C35 -> Reeves | D37: 1 | K37: =K35+1 -> 14 | L37: =L35 -> Boggs | M37: 1
B38: =B36+1 -> 15 | C38: =C36 -> Hamoui | D38: 1 | K38: =K36+1 -> 15 | L38: =L36 -> Wigmore | N38: 1
B39: =B37+1 -> 15 | C39: =C37 -> Reeves | D39: 1 | K39: =K37+1 -> 15 | L39: =L37 -> Boggs | M39: 1
B40: =B38+1 -> 16 | C40: =C38 -> Hamoui | D40: 1 | K40: =K38+1 -> 16 | L40: =L38 -> Wigmore | M40: 1
B41: =B39+1 -> 16 | C41: =C39 -> Reeves | D41: 1 | K41: =K39+1 -> 16 | L41: =L39 -> Boggs | M41: 1
B42: =B40+1 -> 17 | C42: =C40 -> Hamoui | D42: 1 | K42: =K40+1 -> 17 | L42: =L40 -> Wigmore | M42: 1
B43: =B41+1 -> 17 | C43: =C41 -> Reeves | D43: 1 | F43: 1 | K43: =K41+1 -> 17 | L43: =L41 -> Boggs | M43: 1
B44: =B42+1 -> 18 | C44: =C42 -> Hamoui | D44: 1 | K44: =K42+1 -> 18 | L44: =L42 -> Wigmore | N44: 1
B45: =B43+1 -> 18 | C45: =C43 -> Reeves | D45: 1 | K45: =K43+1 -> 18 | L45: =L43 -> Boggs | M45: 1
B46: =B44+1 -> 19 | C46: =C44 -> Hamoui | D46: 1 | K46: =K44+1 -> 19 | L46: =L44 -> Wigmore | N46: 1
B47: =B45+1 -> 19 | C47: =C45 -> Reeves | D47: 1 | K47: =K45+1 -> 19 | L47: =L45 -> Boggs
B48: =B46+1 -> 20 | C48: =C46 -> Hamoui | K48: =K46+1 -> 20 | L48: =L46 -> Wigmore
B49: =B47+1 -> 20 | C49: =C47 -> Reeves | K49: =K47+1 -> 20 | L49: =L47 -> Boggs
B50: =B48+1 -> 21 | C50: =C48 -> Hamoui | K50: =K48+1 -> 21 | L50: =L48 -> Wigmore
B51: =B49+1 -> 21 | C51: =C49 -> Reeves | K51: =K49+1 -> 21 | L51: =L49 -> Boggs
B52: =B50+1 -> 22 | C52: =C50 -> Hamoui | K52: =K50+1 -> 22 | L52: =L50 -> Wigmore
B53: =B51+1 -> 22 | C53: =C51 -> Reeves | K53: =K51+1 -> 22 | L53: =L51 -> Boggs
B54: =B52+1 -> 23 | C54: =C52 -> Hamoui | K54: =K52+1 -> 23 | L54: =L52 -> Wigmore
B55: =B53+1 -> 23 | C55: =C53 -> Reeves | K55: =K53+1 -> 23 | L55: =L53 -> Boggs
B56: =B54+1 -> 24 | C56: =C54 -> Hamoui | K56: =K54+1 -> 24 | L56: =L54 -> Wigmore
B57: =B55+1 -> 24 | C57: =C55 -> Reeves | K57: =K55+1 -> 24 | L57: =L55 -> Boggs
B58: =B56+1 -> 25 | C58: =C56 -> Hamoui | K58: =K56+1 -> 25 | L58: =L56 -> Wigmore
B59: =B57+1 -> 25 | C59: =C57 -> Reeves | K59: =K57+1 -> 25 | L59: =L57 -> Boggs
... B69: =B67+1 -> 30 | C69: =C67 -> Reeves | K69: =K67+1 -> 30 | L69: =L67 -> Boggs
B70: 31 | C70: =C68 -> Hamoui | K70: 31 | L70: =L68 -> Wigmore
B71: 31 | C71: =C69 -> Reeves | K71: 31 | L71: =L69 -> Boggs
B72: 32 | C72: =C70 -> Hamoui | K72: 32 | L72: =L70 -> Wigmore
B73: 32 | C73: =C71 -> Reeves | K73: 32 | L73: =L71 -> Boggs
B74: 33 | C74: =C72 -> Hamoui | K74: 33 | L74: =L72 -> Wigmore
B75: 33 | C75: =C73 -> Reeves | K75: 33 | L75: =L73 -> Boggs
B76: 34 | C76: =C74 -> Hamoui | K76: 34 | L76: =L74 -> Wigmore
B77: 34 | C77: =C75 -> Reeves | K77: 34 | L77: =L75 -> Boggs
B78: 35 | C78: =C76 -> Hamoui | K78: 35 | L78: =L76 -> Wigmore
B79: 35 | C79: =C77 -> Reeves | K79: 35 | L79: =L77 -> Boggs
B80: 36 | C80: =C78 -> Hamoui | K80: 36 | L80: =L78 -> Wigmore
B81: 36 | C81: =C79 -> Reeves | K81: 36 | L81: =L79 -> Boggs
... B89: 40 | C89: =C87 -> Reeves | K89: 40 | L89: =L87 -> Boggs

Sheet MatiTakoa vs. BlumeRaza
B2: FINAL | D2: Miss | E2: Make | F2: Splash-Out | G2: Guy | H2: Tri | I2: Di | J2: Vom | M2: Miss | N2: Make | O2: Splash-Out | P2: Guy | Q2: Tri | R2: Di | S2: Vom
B3: Shooter 1: | C3: Mati Gandarias | D3: =SUMPRODUCT(D10:D90,MOD(ROW(D10:D90),2)=0) -> 15 | E3: =SUMPRODUCT(E10:E90,MOD(ROW(E10:E90),2)=0) -> 3 | F3: =SUMPRODUCT(F10:F90,MOD(ROW(F10:F90),2)=0) -> 2 | G3: =SUMPRODUCT(G10:G90,MOD(ROW(G10:G90),2)=0) -> 1 | H3: =SUMPRODUCT(H10:H90,MOD(ROW(H10:H90),2)=0) -> 0 | I3: =SUMPRODUCT(I10:I90,MOD(ROW(I10:I90),2)=0) -> 0 | J3: =SUMPRODUCT(J10:J90,MOD(ROW(J10:J90),2)=0) -> 0 | K3: Shooter 1: | L3: Gabriel Blumenschein | M3: =SUMPRODUCT(M10:M90,MOD(ROW(M10:M90),2)=0) -> 15 | N3: =SUMPRODUCT(N10:N90,MOD(ROW(N10:N90),2)=0) -> 1 | O3: =SUMPRODUCT(O10:O90,MOD(ROW(O10:O90),2)=0) -> 0 | P3: =SUMPRODUCT(P10:P90,MOD(ROW(P10:P90),2)=0) -> 1 | Q3: =SUMPRODUCT(Q10:Q90,MOD(ROW(Q10:Q90),2)=0) -> 0 | R3: =SUMPRODUCT(R10:R90,MOD(ROW(R10:R90),2)=0) -> 0 | S3: =SUMPRODUCT(S10:S90,MOD(ROW(S10:S90),2)=0) -> 0
B4: Shooter 2: | C4: Takoa Cartwright | D4: =SUMPRODUCT(D10:D90,MOD(ROW(D10:D90),2)) -> 11 | E4: =SUMPRODUCT(E10:E90,MOD(ROW(E10:E90),2)) -> 7 | F4: =SUMPRODUCT(F10:F90,MOD(ROW(F10:F90),2)) -> 2 | G4: =SUMPRODUCT(G10:G90,MOD(ROW(G10:G90),2)) -> 1 | H4: =SUMPRODUCT(H10:H90,MOD(ROW(H10:H90),2)) -> 0 | I4: =SUMPRODUCT(I10:I90,MOD(ROW(I10:I90),2)) -> 0 | J4: =SUMPRODUCT(J10:J90,MOD(ROW(J10:J90),2)) -> 0 | K4: Shooter 2: | L4: Joe Raza | M4: =SUMPRODUCT(M10:M90,MOD(ROW(M10:M90),2)) -> 11 | N4: =SUMPRODUCT(N10:N90,MOD(ROW(N10:N90),2)) -> 5 | O4: =SUMPRODUCT(O10:O90,MOD(ROW(O10:O90),2)) -> 1 | P4: =SUMPRODUCT(P10:P90,MOD(ROW(P10:P90),2)) -> 2 | Q4: =SUMPRODUCT(Q10:Q90,MOD(ROW(Q10:Q90),2)) -> 1 | R4: =SUMPRODUCT(R10:R90,MOD(ROW(R10:R90),2)) -> 0 | S4: =SUMPRODUCT(S10:S90,MOD(ROW(S10:S90),2)) -> 0
C5: =IFERROR((C10 &" %"), "") -> Gandarias % | D5: =IFERROR((E3/(E3+D3)),0) -> 0.16666667 | L5: =IFERROR((L10 &" %"), "") -> Blumenschein % | M5: =IFERROR((N3/(N3+M3)),0) -> 0.0625
C6: =IFERROR((C11 &" %"), "") -> Cartwright % | D6: =IFERROR((E4/(E4+D4)),0) -> 0.38888889 | L6: =IFERROR((L11 &" %"), "") -> Raza % | M6: =IFERROR((N4/(N4+M4)),0) -> 0.3125
B8: Teams
B9: Shot | C9: Shooter | D9: Miss | E9: Make | F9: Splash-Out | G9: Guy | H9: Tri | I9: Di | J9: Vom | K9: Shot | L9: Shooter | M9: Miss | N9: Make | O9: Splash-Out | P9: Guy | Q9: Tri | R9: Di | S9: Vom
B10: 1 | C10: =IFERROR(__xludf.DUMMYFUNCTION("REGEXEXTRACT(C3, ""( .*)+"")")," Gandarias") -> Gandarias | D10: 1 | F10: 1 | K10: 1 | L10: =IFERROR(__xludf.DUMMYFUNCTION("REGEXEXTRACT(L3, ""( .*)+"")")," Blumenschein") -> Blumenschein | N10: 1
B11: 1 | C11: =IFERROR(__xludf.DUMMYFUNCTION("REGEXEXTRACT(C4, ""( .*)+"")")," Cartwright") -> Cartwright | D11: 1 | K11: 1 | L11: =IFERROR(__xludf.DUMMYFUNCTION("REGEXEXTRACT(L4, ""( .*)+"")")," Raza") -> Raza | M11: 1 | Q11: 1
B12: =B10+1 -> 2 | C12: =C10 -> Gandarias | D12: 1 | K12: =K10+1 -> 2 | L12: =L10 -> Blumenschein | M12: 1
B13: =B11+1 -> 2 | C13: =C11 -> Cartwright | E13: 1 | K13: =K11+1 -> 2 | L13: =L11 -> Raza | M13: 1 | O13: 1
B14: =B12+1 -> 3 | C14: =C12 -> Gandarias | D14: 1 | K14: =K12+1 -> 3 | L14: =L12 -> Blumenschein | M14: 1
B15: =B13+1 -> 3 | C15: =C13 -> Cartwright | D15: 1 | K15: =K13+1 -> 3 | L15: =L13 -> Raza | N15: 1
B16: =B14+1 -> 4 | C16: =C14 -> Gandarias | E16: 1 | K16: =K14+1 -> 4 | L16: =L14 -> Blumenschein | M16: 1
B17: =B15+1 -> 4 | C17: =C15 -> Cartwright | D17: 1 | K17: =K15+1 -> 4 | L17: =L15 -> Raza | N17: 1
B18: =B16+1 -> 5 | C18: =C16 -> Gandarias | D18: 1 | K18: =K16+1 -> 5 | L18: =L16 -> Blumenschein | M18: 1
B19: =B17+1 -> 5 | C19: =C17 -> Cartwright | D19: 1 | K19: =K17+1 -> 5 | L19: =L17 -> Raza | M19: 1 | P19: 1
B20: =B18+1 -> 6 | C20: =C18 -> Gandarias | D20: 1 | K20: =K18+1 -> 6 | L20: =L18 -> Blumenschein | M20: 1
B21: =B19+1 -> 6 | C21: =C19 -> Cartwright | E21: 1 | K21: =K19+1 -> 6 | L21: =L19 -> Raza | N21: 1
B22: =B20+1 -> 7 | C22: =C20 -> Gandarias | D22: 1 | K22: =K20+1 -> 7 | L22: =L20 -> Blumenschein | M22: 1
B23: =B21+1 -> 7 | C23: =C21 -> Cartwright | D23: 1 | K23: =K21+1 -> 7 | L23: =L21 -> Raza | N23: 1
B24: =B22+1 -> 8 | C24: =C22 -> Gandarias | D24: 1 | K24: =K22+1 -> 8 | L24: =L22 -> Blumenschein | M24: 1
B25: =B23+1 -> 8 | C25: =C23 -> Cartwright | E25: 1 | K25: =K23+1 -> 8 | L25: =L23 -> Raza | M25: 1
B26: =B24+1 -> 9 | C26: =C24 -> Gandarias | D26: 1 | K26: =K24+1 -> 9 | L26: =L24 -> Blumenschein | M26: 1
B27: =B25+1 -> 9 | C27: =C25 -> Cartwright | E27: 1 | K27: =K25+1 -> 9 | L27: =L25 -> Raza | M27: 1
B28: =B26+1 -> 10 | C28: =C26 -> Gandarias | D28: 1 | K28: =K26+1 -> 10 | L28: =L26 -> Blumenschein | M28: 1
B29: =B27+1 -> 10 | C29: =C27 -> Cartwright | D29: 1 | G29: 1 | K29: =K27+1 -> 10 | L29: =L27 -> Raza | M29: 1
B30: =B28+1 -> 11 | C30: =C28 -> Gandarias | D30: 1 | K30: =K28+1 -> 11 | L30: =L28 -> Blumenschein | M30: 1
B31: =B29+1 -> 11 | C31: =C29 -> Cartwright | D31: 1 | K31: =K29+1 -> 11 | L31: =L29 -> Raza | M31: 1
B32: =B30+1 -> 12 | C32: =C30 -> Gandarias | D32: 1 | K32: =K30+1 -> 12 | L32: =L30 -> Blumenschein | M32: 1
B33: =B31+1 -> 12 | C33: =C31 -> Cartwright | D33: 1 | K33: =K31+1 -> 12 | L33: =L31 -> Raza | N33: 1
B34: =B32+1 -> 13 | C34: =C32 -> Gandarias | D34: 1 | F34: 1 | K34: =K32+1 -> 13 | L34: =L32 -> Blumenschein | M34: 1
B35: =B33+1 -> 13 | C35: =C33 -> Cartwright | D35: 1 | F35: 1 | K35: =K33+1 -> 13 | L35: =L33 -> Raza | M35: 1
B36: =B34+1 -> 14 | C36: =C34 -> Gandarias | E36: 1 | K36: =K34+1 -> 14 | L36: =L34 -> Blumenschein | M36: 1
B37: =B35+1 -> 14 | C37: =C35 -> Cartwright | E37: 1 | K37: =K35+1 -> 14 | L37: =L35 -> Raza | M37: 1
B38: =B36+1 -> 15 | C38: =C36 -> Gandarias | E38: 1 | K38: =K36+1 -> 15 | L38: =L36 -> Blumenschein | M38: 1 | P38: 1
B39: =B37+1 -> 15 | C39: =C37 -> Cartwright | E39: 1 | K39: =K37+1 -> 15 | L39: =L37 -> Raza | M39: 1 | P39: 1
B40: =B38+1 -> 16 | C40: =C38 -> Gandarias | D40: 1 | G40: 1 | K40: =K38+1 -> 16 | L40: =L38 -> Blumenschein | M40: 1
B41: =B39+1 -> 16 | C41: =C39 -> Cartwright | D41: 1 | F41: 1 | K41: =K39+1 -> 16 | L41: =L39 -> Raza | M41: 1
B42: =B40+1 -> 17 | C42: =C40 -> Gandarias | D42: 1 | K42: =K40+1 -> 17 | L42: =L40 -> Blumenschein
B43: =B41+1 -> 17 | C43: =C41 -> Cartwright | D43: 1 | K43: =K41+1 -> 17 | L43: =L41 -> Raza
B44: =B42+1 -> 18 | C44: =C42 -> Gandarias | D44: 1 | K44: =K42+1 -> 18 | L44: =L42 -> Blumenschein
B45: =B43+1 -> 18 | C45: =C43 -> Cartwright | E45: 1 | K45: =K43+1 -> 18 | L45: =L43 -> Raza
B46: =B44+1 -> 19 | C46: =C44 -> Gandarias | K46: =K44+1 -> 19 | L46: =L44 -> Blumenschein
B47: =B45+1 -> 19 | C47: =C45 -> Cartwright | K47: =K45+1 -> 19 | L47: =L45 -> Raza
B48: =B46+1 -> 20 | C48: =C46 -> Gandarias | K48: =K46+1 -> 20 | L48: =L46 -> Blumenschein
B49: =B47+1 -> 20 | C49: =C47 -> Cartwright | K49: =K47+1 -> 20 | L49: =L47 -> Raza
B50: =B48+1 -> 21 | C50: =C48 -> Gandarias | K50: =K48+1 -> 21 | L50: =L48 -> Blumenschein
B51: =B49+1 -> 21 | C51: =C49 -> Cartwright | K51: =K49+1 -> 21 | L51: =L49 -> Raza
B52: =B50+1 -> 22 | C52: =C50 -> Gandarias | K52: =K50+1 -> 22 | L52: =L50 -> Blumenschein
B53: =B51+1 -> 22 | C53: =C51 -> Cartwright | K53: =K51+1 -> 22 | L53: =L51 -> Raza
B54: =B52+1 -> 23 | C54: =C52 -> Gandarias | K54: =K52+1 -> 23 | L54: =L52 -> Blumenschein
B55: =B53+1 -> 23 | C55: =C53 -> Cartwright | K55: =K53+1 -> 23 | L55: =L53 -> Raza
B56: =B54+1 -> 24 | C56: =C54 -> Gandarias | K56: =K54+1 -> 24 | L56: =L54 -> Blumenschein
B57: =B55+1 -> 24 | C57: =C55 -> Cartwright | K57: =K55+1 -> 24 | L57: =L55 -> Raza
... B69: =B67+1 -> 30 | C69: =C67 -> Cartwright | K69: =K67+1 -> 30 | L69: =L67 -> Raza
B70: 31 | C70: =C68 -> Gandarias | K70: 31 | L70: =L68 -> Blumenschein
B71: 31 | C71: =C69 -> Cartwright | K71: 31 | L71: =L69 -> Raza
B72: 32 | C72: =C70 -> Gandarias | K72: 32 | L72: =L70 -> Blumenschein
B73: 32 | C73: =C71 -> Cartwright | K73: 32 | L73: =L71 -> Raza
B74: 33 | C74: =C72 -> Gandarias | K74: 33 | L74: =L72 -> Blumenschein
B75: 33 | C75: =C73 -> Cartwright | K75: 33 | L75: =L73 -> Raza
B76: 34 | C76: =C74 -> Gandarias | K76: 34 | L76: =L74 -> Blumenschein
B77: 34 | C77: =C75 -> Cartwright | K77: 34 | L77: =L75 -> Raza
B78: 35 | C78: =C76 -> Gandarias | K78: 35 | L78: =L76 -> Blumenschein
B79: 35 | C79: =C77 -> Cartwright | K79: 35 | L79: =L77 -> Raza
B80: 36 | C80: =C78 -> Gandarias | K80: 36 | L80: =L78 -> Blumenschein
B81: 36 | C81: =C79 -> Cartwright | K81: 36 | L81: =L79 -> Raza
... B89: 40 | C89: =C87 -> Cartwright | K89: 40 | L89: =L87 -> Raza

Sheet HuddyCreamer vs AnsonPierre
B2: FINAL | D2: Miss | E2: Make | F2: Splash-Out | G2: Guy | H2: Tri | I2: Di | J2: Vom | M2: Miss | N2: Make | O2: Splash-Out | P2: Guy | Q2: Tri | R2: Di | S2: Vom
B3: Shooter 1: | C3: Hudson Stolz | D3: =SUMPRODUCT(D10:D90,MOD(ROW(D10:D90),2)=0) -> 11 | E3: =SUMPRODUCT(E10:E90,MOD(ROW(E10:E90),2)=0) -> 3 | F3: =SUMPRODUCT(F10:F90,MOD(ROW(F10:F90),2)=0) -> 0 | G3: =SUMPRODUCT(G10:G90,MOD(ROW(G10:G90),2)=0) -> 1 | H3: =SUMPRODUCT(H10:H90,MOD(ROW(H10:H90),2)=0) -> 0 | I3: =SUMPRODUCT(I10:I90,MOD(ROW(I10:I90),2)=0) -> 0 | J3: =SUMPRODUCT(J10:J90,MOD(ROW(J10:J90),2)=0) -> 0 | K3: Shooter 1: | L3: Anson Mies | M3: =SUMPRODUCT(M10:M90,MOD(ROW(M10:M90),2)=0) -> 12 | N3: =SUMPRODUCT(N10:N90,MOD(ROW(N10:N90),2)=0) -> 4 | O3: =SUMPRODUCT(O10:O90,MOD(ROW(O10:O90),2)=0) -> 0 | P3: =SUMPRODUCT(P10:P90,MOD(ROW(P10:P90),2)=0) -> 1 | Q3: =SUMPRODUCT(Q10:Q90,MOD(ROW(Q10:Q90),2)=0) -> 0 | R3: =SUMPRODUCT(R10:R90,MOD(ROW(R10:R90),2)=0) -> 0 | S3: =SUMPRODUCT(S10:S90,MOD(ROW(S10:S90),2)=0) -> 0
B4: Shooter 2: | C4: Will Creamer | D4: =SUMPRODUCT(D10:D90,MOD(ROW(D10:D90),2)) -> 10 | E4: =SUMPRODUCT(E10:E90,MOD(ROW(E10:E90),2)) -> 4 | F4: =SUMPRODUCT(F10:F90,MOD(ROW(F10:F90),2)) -> 1 | G4: =SUMPRODUCT(G10:G90,MOD(ROW(G10:G90),2)) -> 1 | H4: =SUMPRODUCT(H10:H90,MOD(ROW(H10:H90),2)) -> 1 | I4: =SUMPRODUCT(I10:I90,MOD(ROW(I10:I90),2)) -> 0 | J4: =SUMPRODUCT(J10:J90,MOD(ROW(J10:J90),2)) -> 0 | K4: Shooter 2: | L4: Pierre Gathy | M4: =SUMPRODUCT(M10:M90,MOD(ROW(M10:M90),2)) -> 12 | N4: =SUMPRODUCT(N10:N90,MOD(ROW(N10:N90),2)) -> 4 | O4: =SUMPRODUCT(O10:O90,MOD(ROW(O10:O90),2)) -> 0 | P4: =SUMPRODUCT(P10:P90,MOD(ROW(P10:P90),2)) -> 0 | Q4: =SUMPRODUCT(Q10:Q90,MOD(ROW(Q10:Q90),2)) -> 0 | R4: =SUMPRODUCT(R10:R90,MOD(ROW(R10:R90),2)) -> 0 | S4: =SUMPRODUCT(S10:S90,MOD(ROW(S10:S90),2)) -> 0
C5: =IFERROR((C10 &" %"), "") -> Stolz % | D5: =IFERROR((E3/(E3+D3)),0) -> 0.21428571 | L5: =IFERROR((L10 &" %"), "") -> Mies % | M5: =IFERROR((N3/(N3+M3)),0) -> 0.25
C6: =IFERROR((C11 &" %"), "") -> Creamer % | D6: =IFERROR((E4/(E4+D4)),0) -> 0.28571429 | L6: =IFERROR((L11 &" %"), "") -> Gathy % | M6: =IFERROR((N4/(N4+M4)),0) -> 0.25
B8: Teams
B9: Shot | C9: Shooter | D9: Miss | E9: Make | F9: Splash-Out | G9: Guy | H9: Tri | I9: Di | J9: Vom | K9: Shot | L9: Shooter | M9: Miss | N9: Make | O9: Splash-Out | P9: Guy | Q9: Tri | R9: Di | S9: Vom
B10: 1 | C10: =IFERROR(__xludf.DUMMYFUNCTION("REGEXEXTRACT(C3, ""( .*)+"")")," Stolz") -> Stolz | D10: 1 | K10: 1 | L10: =IFERROR(__xludf.DUMMYFUNCTION("REGEXEXTRACT(L3, ""( .*)+"")")," Mies") -> Mies | N10: 1
B11: 1 | C11: =IFERROR(__xludf.DUMMYFUNCTION("REGEXEXTRACT(C4, ""( .*)+"")")," Creamer") -> Creamer | D11: 1 | K11: 1 | L11: =IFERROR(__xludf.DUMMYFUNCTION("REGEXEXTRACT(L4, ""( .*)+"")")," Gathy") -> Gathy | M11: 1
B12: =B10+1 -> 2 | C12: =C10 -> Stolz | D12: 1 | K12: =K10+1 -> 2 | L12: =L10 -> Mies | M12: 1 | P12: 1
B13: =B11+1 -> 2 | C13: =C11 -> Creamer | D13: 1 | H13: 1 | K13: =K11+1 -> 2 | L13: =L11 -> Gathy | N13: 1
B14: =B12+1 -> 3 | C14: =C12 -> Stolz | D14: 1 | G14: 1 | K14: =K12+1 -> 3 | L14: =L12 -> Mies | M14: 1
B15: =B13+1 -> 3 | C15: =C13 -> Creamer | E15: 1 | K15: =K13+1 -> 3 | L15: =L13 -> Gathy | M15: 1
B16: =B14+1 -> 4 | C16: =C14 -> Stolz | D16: 1 | K16: =K14+1 -> 4 | L16: =L14 -> Mies | M16: 1
B17: =B15+1 -> 4 | C17: =C15 -> Creamer | D17: 1 | K17: =K15+1 -> 4 | L17: =L15 -> Gathy | N17: 1
B18: =B16+1 -> 5 | C18: =C16 -> Stolz | D18: 1 | K18: =K16+1 -> 5 | L18: =L16 -> Mies | M18: 1
B19: =B17+1 -> 5 | C19: =C17 -> Creamer | D19: 1 | K19: =K17+1 -> 5 | L19: =L17 -> Gathy | N19: 1
B20: =B18+1 -> 6 | C20: =C18 -> Stolz | E20: 1 | K20: =K18+1 -> 6 | L20: =L18 -> Mies | M20: 1
B21: =B19+1 -> 6 | C21: =C19 -> Creamer | D21: 1 | G21: 1 | K21: =K19+1 -> 6 | L21: =L19 -> Gathy | M21: 1
B22: =B20+1 -> 7 | C22: =C20 -> Stolz | D22: 1 | K22: =K20+1 -> 7 | L22: =L20 -> Mies | M22: 1
B23: =B21+1 -> 7 | C23: =C21 -> Creamer | D23: 1 | K23: =K21+1 -> 7 | L23: =L21 -> Gathy | M23: 1
B24: =B22+1 -> 8 | C24: =C22 -> Stolz | D24: 1 | K24: =K22+1 -> 8 | L24: =L22 -> Mies | N24: 1
B25: =B23+1 -> 8 | C25: =C23 -> Creamer | D25: 1 | K25: =K23+1 -> 8 | L25: =L23 -> Gathy | N25: 1
B26: =B24+1 -> 9 | C26: =C24 -> Stolz | D26: 1 | K26: =K24+1 -> 9 | L26: =L24 -> Mies | M26: 1
B27: =B25+1 -> 9 | C27: =C25 -> Creamer | E27: 1 | K27: =K25+1 -> 9 | L27: =L25 -> Gathy | M27: 1
B28: =B26+1 -> 10 | C28: =C26 -> Stolz | E28: 1 | K28: =K26+1 -> 10 | L28: =L26 -> Mies | N28: 1
B29: =B27+1 -> 10 | C29: =C27 -> Creamer | D29: 1 | F29: 1 | K29: =K27+1 -> 10 | L29: =L27 -> Gathy | M29: 1
B30: =B28+1 -> 11 | C30: =C28 -> Stolz | D30: 1 | K30: =K28+1 -> 11 | L30: =L28 -> Mies | M30: 1
B31: =B29+1 -> 11 | C31: =C29 -> Creamer | D31: 1 | K31: =K29+1 -> 11 | L31: =L29 -> Gathy | M31: 1
B32: =B30+1 -> 12 | C32: =C30 -> Stolz | D32: 1 | K32: =K30+1 -> 12 | L32: =L30 -> Mies | M32: 1
B33: =B31+1 -> 12 | C33: =C31 -> Creamer | E33: 1 | K33: =K31+1 -> 12 | L33: =L31 -> Gathy | M33: 1
B34: =B32+1 -> 13 | C34: =C32 -> Stolz | D34: 1 | K34: =K32+1 -> 13 | L34: =L32 -> Mies | M34: 1
B35: =B33+1 -> 13 | C35: =C33 -> Creamer | D35: 1 | K35: =K33+1 -> 13 | L35: =L33 -> Gathy | M35: 1
B36: =B34+1 -> 14 | C36: =C34 -> Stolz | E36: 1 | K36: =K34+1 -> 14 | L36: =L34 -> Mies | M36: 1
B37: =B35+1 -> 14 | C37: =C35 -> Creamer | E37: 1 | K37: =K35+1 -> 14 | L37: =L35 -> Gathy | M37: 1
B38: =B36+1 -> 15 | C38: =C36 -> Stolz | K38: =K36+1 -> 15 | L38: =L36 -> Mies | N38: 1
B39: =B37+1 -> 15 | C39: =C37 -> Creamer | K39: =K37+1 -> 15 | L39: =L37 -> Gathy | M39: 1
B40: =B38+1 -> 16 | C40: =C38 -> Stolz | K40: =K38+1 -> 16 | L40: =L38 -> Mies | M40: 1
B41: =B39+1 -> 16 | C41: =C39 -> Creamer | K41: =K39+1 -> 16 | L41: =L39 -> Gathy | M41: 1
B42: =B40+1 -> 17 | C42: =C40 -> Stolz | K42: =K40+1 -> 17 | L42: =L40 -> Mies
B43: =B41+1 -> 17 | C43: =C41 -> Creamer | K43: =K41+1 -> 17 | L43: =L41 -> Gathy
B44: =B42+1 -> 18 | C44: =C42 -> Stolz | K44: =K42+1 -> 18 | L44: =L42 -> Mies
B45: =B43+1 -> 18 | C45: =C43 -> Creamer | K45: =K43+1 -> 18 | L45: =L43 -> Gathy
B46: =B44+1 -> 19 | C46: =C44 -> Stolz | K46: =K44+1 -> 19 | L46: =L44 -> Mies
B47: =B45+1 -> 19 | C47: =C45 -> Creamer | K47: =K45+1 -> 19 | L47: =L45 -> Gathy
B48: =B46+1 -> 20 | C48: =C46 -> Stolz | K48: =K46+1 -> 20 | L48: =L46 -> Mies
B49: =B47+1 -> 20 | C49: =C47 -> Creamer | K49: =K47+1 -> 20 | L49: =L47 -> Gathy
B50: =B48+1 -> 21 | C50: =C48 -> Stolz | K50: =K48+1 -> 21 | L50: =L48 -> Mies
B51: =B49+1 -> 21 | C51: =C49 -> Creamer | K51: =K49+1 -> 21 | L51: =L49 -> Gathy
B52: =B50+1 -> 22 | C52: =C50 -> Stolz | K52: =K50+1 -> 22 | L52: =L50 -> Mies
B53: =B51+1 -> 22 | C53: =C51 -> Creamer | K53: =K51+1 -> 22 | L53: =L51 -> Gathy
... B69: =B67+1 -> 30 | C69: =C67 -> Creamer | K69: =K67+1 -> 30 | L69: =L67 -> Gathy
B70: 31 | C70: =C68 -> Stolz | K70: 31 | L70: =L68 -> Mies
B71: 31 | C71: =C69 -> Creamer | K71: 31 | L71: =L69 -> Gathy
B72: 32 | C72: =C70 -> Stolz | K72: 32 | L72: =L70 -> Mies
B73: 32 | C73: =C71 -> Creamer | K73: 32 | L73: =L71 -> Gathy
B74: 33 | C74: =C72 -> Stolz | K74: 33 | L74: =L72 -> Mies
B75: 33 | C75: =C73 -> Creamer | K75: 33 | L75: =L73 -> Gathy
B76: 34 | C76: =C74 -> Stolz | K76: 34 | L76: =L74 -> Mies
B77: 34 | C77: =C75 -> Creamer | K77: 34 | L77: =L75 -> Gathy
B78: 35 | C78: =C76 -> Stolz | K78: 35 | L78: =L76 -> Mies
B79: 35 | C79: =C77 -> Creamer | K79: 35 | L79: =L77 -> Gathy
B80: 36 | C80: =C78 -> Stolz | K80: 36 | L80: =L78 -> Mies
B81: 36 | C81: =C79 -> Creamer | K81: 36 | L81: =L79 -> Gathy
... B89: 40 | C89: =C87 -> Creamer | K89: 40 | L89: =L87 -> Gathy

Sheet BrandoHeath vs. TolsmaEmilio
B2: FINAL | D2: Miss | E2: Make | F2: Splash-Out | G2: Guy | H2: Tri | I2: Di | J2: Vom | M2: Miss | N2: Make | O2: Splash-Out | P2: Guy | Q2: Tri | R2: Di | S2: Vom
B3: Shooter 1: | C3: John Tolsma | D3: =SUMPRODUCT(D10:D90,MOD(ROW(D10:D90),2)=0) -> 11 | E3: =SUMPRODUCT(E10:E90,MOD(ROW(E10:E90),2)=0) -> 4 | F3: =SUMPRODUCT(F10:F90,MOD(ROW(F10:F90),2)=0) -> 1 | G3: =SUMPRODUCT(G10:G90,MOD(ROW(G10:G90),2)=0) -> 0 | H3: =SUMPRODUCT(H10:H90,MOD(ROW(H10:H90),2)=0) -> 0 | I3: =SUMPRODUCT(I10:I90,MOD(ROW(I10:I90),2)=0) -> 0 | J3: =SUMPRODUCT(J10:J90,MOD(ROW(J10:J90),2)=0) -> 0 | K3: Shooter 1: | L3: Heath Lawry | M3: =SUMPRODUCT(M10:M90,MOD(ROW(M10:M90),2)=0) -> 6 | N3: =SUMPRODUCT(N10:N90,MOD(ROW(N10:N90),2)=0) -> 6 | O3: =SUMPRODUCT(O10:O90,MOD(ROW(O10:O90),2)=0) -> 0 | P3: =SUMPRODUCT(P10:P90,MOD(ROW(P10:P90),2)=0) -> 1 | Q3: =SUMPRODUCT(Q10:Q90,MOD(ROW(Q10:Q90),2)=0) -> 0 | R3: =SUMPRODUCT(R10:R90,MOD(ROW(R10:R90),2)=0) -> 0 | S3: =SUMPRODUCT(S10:S90,MOD(ROW(S10:S90),2)=0) -> 0
B4: Shooter 2: | C4: Emilio Garcia | D4: =SUMPRODUCT(D10:D90,MOD(ROW(D10:D90),2)) -> 11 | E4: =SUMPRODUCT(E10:E90,MOD(ROW(E10:E90),2)) -> 3 | F4: =SUMPRODUCT(F10:F90,MOD(ROW(F10:F90),2)) -> 0 | G4: =SUMPRODUCT(G10:G90,MOD(ROW(G10:G90),2)) -> 1 | H4: =SUMPRODUCT(H10:H90,MOD(ROW(H10:H90),2)) -> 0 | I4: =SUMPRODUCT(I10:I90,MOD(ROW(I10:I90),2)) -> 0 | J4: =SUMPRODUCT(J10:J90,MOD(ROW(J10:J90),2)) -> 0 | K4: Shooter 2: | L4: Luke Brandon | M4: =SUMPRODUCT(M10:M90,MOD(ROW(M10:M90),2)) -> 8 | N4: =SUMPRODUCT(N10:N90,MOD(ROW(N10:N90),2)) -> 4 | O4: =SUMPRODUCT(O10:O90,MOD(ROW(O10:O90),2)) -> 0 | P4: =SUMPRODUCT(P10:P90,MOD(ROW(P10:P90),2)) -> 0 | Q4: =SUMPRODUCT(Q10:Q90,MOD(ROW(Q10:Q90),2)) -> 0 | R4: =SUMPRODUCT(R10:R90,MOD(ROW(R10:R90),2)) -> 0 | S4: =SUMPRODUCT(S10:S90,MOD(ROW(S10:S90),2)) -> 0
C5: =IFERROR((C10 &" %"), "") -> Tolsma % | D5: =IFERROR((E3/(E3+D3)),0) -> 0.26666667 | L5: =IFERROR((L10 &" %"), "") -> Lawry % | M5: =IFERROR((N3/(N3+M3)),0) -> 0.5
C6: =IFERROR((C11 &" %"), "") -> Garcia % | D6: =IFERROR((E4/(E4+D4)),0) -> 0.21428571 | L6: =IFERROR((L11 &" %"), "") -> Brandon % | M6: =IFERROR((N4/(N4+M4)),0) -> 0.33333333
B8: Teams
B9: Shot | C9: Shooter | D9: Miss | E9: Make | F9: Splash-Out | G9: Guy | H9: Tri | I9: Di | J9: Vom | K9: Shot | L9: Shooter | M9: Miss | N9: Make | O9: Splash-Out | P9: Guy | Q9: Tri | R9: Di | S9: Vom
B10: 1 | C10: =IFERROR(__xludf.DUMMYFUNCTION("REGEXEXTRACT(C3, ""( .*)+"")")," Tolsma") -> Tolsma | D10: 1 | K10: 1 | L10: =IFERROR(__xludf.DUMMYFUNCTION("REGEXEXTRACT(L3, ""( .*)+"")")," Lawry") -> Lawry | M10: 1
B11: 1 | C11: =IFERROR(__xludf.DUMMYFUNCTION("REGEXEXTRACT(C4, ""( .*)+"")")," Garcia") -> Garcia | E11: 1 | K11: 1 | L11: =IFERROR(__xludf.DUMMYFUNCTION("REGEXEXTRACT(L4, ""( .*)+"")")," Brandon") -> Brandon | M11: 1
B12: =B10+1 -> 2 | C12: =C10 -> Tolsma | E12: 1 | K12: =K10+1 -> 2 | L12: =L10 -> Lawry | M12: 1
B13: =B11+1 -> 2 | C13: =C11 -> Garcia | E13: 1 | K13: =K11+1 -> 2 | L13: =L11 -> Brandon | N13: 1
B14: =B12+1 -> 3 | C14: =C12 -> Tolsma | D14: 1 | K14: =K12+1 -> 3 | L14: =L12 -> Lawry | N14: 1
B15: =B13+1 -> 3 | C15: =C13 -> Garcia | D15: 1 | K15: =K13+1 -> 3 | L15: =L13 -> Brandon | M15: 1
B16: =B14+1 -> 4 | C16: =C14 -> Tolsma | D16: 1 | K16: =K14+1 -> 4 | L16: =L14 -> Lawry | N16: 1
B17: =B15+1 -> 4 | C17: =C15 -> Garcia | D17: 1 | G17: 1 | K17: =K15+1 -> 4 | L17: =L15 -> Brandon | M17: 1
B18: =B16+1 -> 5 | C18: =C16 -> Tolsma | D18: 1 | K18: =K16+1 -> 5 | L18: =L16 -> Lawry | N18: 1
B19: =B17+1 -> 5 | C19: =C17 -> Garcia | D19: 1 | K19: =K17+1 -> 5 | L19: =L17 -> Brandon | M19: 1
B20: =B18+1 -> 6 | C20: =C18 -> Tolsma | D20: 1 | K20: =K18+1 -> 6 | L20: =L18 -> Lawry | M20: 1
B21: =B19+1 -> 6 | C21: =C19 -> Garcia | D21: 1 | K21: =K19+1 -> 6 | L21: =L19 -> Brandon | N21: 1
B22: =B20+1 -> 7 | C22: =C20 -> Tolsma | D22: 1 | K22: =K20+1 -> 7 | L22: =L20 -> Lawry | N22: 1
B23: =B21+1 -> 7 | C23: =C21 -> Garcia | D23: 1 | K23: =K21+1 -> 7 | L23: =L21 -> Brandon | M23: 1
B24: =B22+1 -> 8 | C24: =C22 -> Tolsma | D24: 1 | K24: =K22+1 -> 8 | L24: =L22 -> Lawry | M24: 1
B25: =B23+1 -> 8 | C25: =C23 -> Garcia | D25: 1 | K25: =K23+1 -> 8 | L25: =L23 -> Brandon | M25: 1
B26: =B24+1 -> 9 | C26: =C24 -> Tolsma | E26: 1 | K26: =K24+1 -> 9 | L26: =L24 -> Lawry | N26: 1
B27: =B25+1 -> 9 | C27: =C25 -> Garcia | D27: 1 | K27: =K25+1 -> 9 | L27: =L25 -> Brandon | N27: 1
B28: =B26+1 -> 10 | C28: =C26 -> Tolsma | E28: 1 | K28: =K26+1 -> 10 | L28: =L26 -> Lawry | M28: 1
B29: =B27+1 -> 10 | C29: =C27 -> Garcia | E29: 1 | K29: =K27+1 -> 10 | L29: =L27 -> Brandon | M29: 1
B30: =B28+1 -> 11 | C30: =C28 -> Tolsma | D30: 1 | F30: 1 | K30: =K28+1 -> 11 | L30: =L28 -> Lawry | N30: 1
B31: =B29+1 -> 11 | C31: =C29 -> Garcia | D31: 1 | K31: =K29+1 -> 11 | L31: =L29 -> Brandon | M31: 1
B32: =B30+1 -> 12 | C32: =C30 -> Tolsma | D32: 1 | K32: =K30+1 -> 12 | L32: =L30 -> Lawry | M32: 1 | P32: 1
B33: =B31+1 -> 12 | C33: =C31 -> Garcia | D33: 1 | K33: =K31+1 -> 12 | L33: =L31 -> Brandon | N33: 1
B34: =B32+1 -> 13 | C34: =C32 -> Tolsma | D34: 1 | K34: =K32+1 -> 13 | L34: =L32 -> Lawry
B35: =B33+1 -> 13 | C35: =C33 -> Garcia | D35: 1 | K35: =K33+1 -> 13 | L35: =L33 -> Brandon
B36: =B34+1 -> 14 | C36: =C34 -> Tolsma | E36: 1 | K36: =K34+1 -> 14 | L36: =L34 -> Lawry
B37: =B35+1 -> 14 | C37: =C35 -> Garcia | D37: 1 | K37: =K35+1 -> 14 | L37: =L35 -> Brandon
B38: =B36+1 -> 15 | C38: =C36 -> Tolsma | D38: 1 | K38: =K36+1 -> 15 | L38: =L36 -> Lawry
B39: =B37+1 -> 15 | C39: =C37 -> Garcia | K39: =K37+1 -> 15 | L39: =L37 -> Brandon
B40: =B38+1 -> 16 | C40: =C38 -> Tolsma | K40: =K38+1 -> 16 | L40: =L38 -> Lawry
B41: =B39+1 -> 16 | C41: =C39 -> Garcia | K41: =K39+1 -> 16 | L41: =L39 -> Brandon
B42: =B40+1 -> 17 | C42: =C40 -> Tolsma | K42: =K40+1 -> 17 | L42: =L40 -> Lawry
B43: =B41+1 -> 17 | C43: =C41 -> Garcia | K43: =K41+1 -> 17 | L43: =L41 -> Brandon
B44: =B42+1 -> 18 | C44: =C42 -> Tolsma | K44: =K42+1 -> 18 | L44: =L42 -> Lawry
B45: =B43+1 -> 18 | C45: =C43 -> Garcia | K45: =K43+1 -> 18 | L45: =L43 -> Brandon
B46: =B44+1 -> 19 | C46: =C44 -> Tolsma | K46: =K44+1 -> 19 | L46: =L44 -> Lawry
B47: =B45+1 -> 19 | C47: =C45 -> Garcia | K47: =K45+1 -> 19 | L47: =L45 -> Brandon
B48: =B46+1 -> 20 | C48: =C46 -> Tolsma | K48: =K46+1 -> 20 | L48: =L46 -> Lawry
B49: =B47+1 -> 20 | C49: =C47 -> Garcia | K49: =K47+1 -> 20 | L49: =L47 -> Brandon
B50: =B48+1 -> 21 | C50: =C48 -> Tolsma | K50: =K48+1 -> 21 | L50: =L48 -> Lawry
... B69: =B67+1 -> 30 | C69: =C67 -> Garcia | K69: =K67+1 -> 30 | L69: =L67 -> Brandon
B70: 31 | C70: =C68 -> Tolsma | K70: 31 | L70: =L68 -> Lawry
B71: 31 | C71: =C69 -> Garcia | K71: 31 | L71: =L69 -> Brandon
B72: 32 | C72: =C70 -> Tolsma | K72: 32 | L72: =L70 -> Lawry
B73: 32 | C73: =C71 -> Garcia | K73: 32 | L73: =L71 -> Brandon
B74: 33 | C74: =C72 -> Tolsma | K74: 33 | L74: =L72 -> Lawry
B75: 33 | C75: =C73 -> Garcia | K75: 33 | L75: =L73 -> Brandon
B76: 34 | C76: =C74 -> Tolsma | K76: 34 | L76: =L74 -> Lawry
B77: 34 | C77: =C75 -> Garcia | K77: 34 | L77: =L75 -> Brandon
B78: 35 | C78: =C76 -> Tolsma | K78: 35 | L78: =L76 -> Lawry
B79: 35 | C79: =C77 -> Garcia | K79: 35 | L79: =L77 -> Brandon
B80: 36 | C80: =C78 -> Tolsma | K80: 36 | L80: =L78 -> Lawry
B81: 36 | C81: =C79 -> Garcia | K81: 36 | L81: =L79 -> Brandon
... B89: 40 | C89: =C87 -> Garcia | K89: 40 | L89: =L87 -> Brandon

Sheet HuluEverett vs HomoToban
B2: FINAL | D2: Miss | E2: Make | F2: Splash-Out | G2: Guy | H2: Tri | I2: Di | J2: Vom | M2: Miss | N2: Make | O2: Splash-Out | P2: Guy | Q2: Tri | R2: Di | S2: Vom
B3: Shooter 1: | C3: Toban Doody | D3: =SUMPRODUCT(D10:D90,MOD(ROW(D10:D90),2)=0) -> 23 | E3: =SUMPRODUCT(E10:E90,MOD(ROW(E10:E90),2)=0) -> 6 | F3: =SUMPRODUCT(F10:F90,MOD(ROW(F10:F90),2)=0) -> 1 | G3: =SUMPRODUCT(G10:G90,MOD(ROW(G10:G90),2)=0) -> 3 | H3: =SUMPRODUCT(H10:H90,MOD(ROW(H10:H90),2)=0) -> 0 | I3: =SUMPRODUCT(I10:I90,MOD(ROW(I10:I90),2)=0) -> 0 | J3: =SUMPRODUCT(J10:J90,MOD(ROW(J10:J90),2)=0) -> 0 | K3: Shooter 1: | L3: Everett Schroeder | M3: =SUMPRODUCT(M10:M90,MOD(ROW(M10:M90),2)=0) -> 25 | N3: =SUMPRODUCT(N10:N90,MOD(ROW(N10:N90),2)=0) -> 5 | O3: =SUMPRODUCT(O10:O90,MOD(ROW(O10:O90),2)=0) -> 2 | P3: =SUMPRODUCT(P10:P90,MOD(ROW(P10:P90),2)=0) -> 2 | Q3: =SUMPRODUCT(Q10:Q90,MOD(ROW(Q10:Q90),2)=0) -> 0 | R3: =SUMPRODUCT(R10:R90,MOD(ROW(R10:R90),2)=0) -> 0 | S3: =SUMPRODUCT(S10:S90,MOD(ROW(S10:S90),2)=0) -> 0
B4: Shooter 2: | C4: Henry Morrison | D4: =SUMPRODUCT(D10:D90,MOD(ROW(D10:D90),2)) -> 26 | E4: =SUMPRODUCT(E10:E90,MOD(ROW(E10:E90),2)) -> 3 | F4: =SUMPRODUCT(F10:F90,MOD(ROW(F10:F90),2)) -> 1 | G4: =SUMPRODUCT(G10:G90,MOD(ROW(G10:G90),2)) -> 3 | H4: =SUMPRODUCT(H10:H90,MOD(ROW(H10:H90),2)) -> 0 | I4: =SUMPRODUCT(I10:I90,MOD(ROW(I10:I90),2)) -> 0 | J4: =SUMPRODUCT(J10:J90,MOD(ROW(J10:J90),2)) -> 0 | K4: Shooter 2: | L4: Henry Lewis | M4: =SUMPRODUCT(M10:M90,MOD(ROW(M10:M90),2)) -> 25 | N4: =SUMPRODUCT(N10:N90,MOD(ROW(N10:N90),2)) -> 5 | O4: =SUMPRODUCT(O10:O90,MOD(ROW(O10:O90),2)) -> 8 | P4: =SUMPRODUCT(P10:P90,MOD(ROW(P10:P90),2)) -> 1 | Q4: =SUMPRODUCT(Q10:Q90,MOD(ROW(Q10:Q90),2)) -> 0 | R4: =SUMPRODUCT(R10:R90,MOD(ROW(R10:R90),2)) -> 0 | S4: =SUMPRODUCT(S10:S90,MOD(ROW(S10:S90),2)) -> 0
C5: =IFERROR((C10 &" %"), "") -> Doody % | D5: =IFERROR((E3/(E3+D3)),0) -> 0.20689655 | L5: =IFERROR((L10 &" %"), "") -> Schroeder % | M5: =IFERROR((N3/(N3+M3)),0) -> 0.16666667
C6: =IFERROR((C11 &" %"), "") -> Morrison % | D6: =IFERROR((E4/(E4+D4)),0) -> 0.10344828 | L6: =IFERROR((L11 &" %"), "") -> Lewis % | M6: =IFERROR((N4/(N4+M4)),0) -> 0.16666667
B8: Teams
B9: Shot | C9: Shooter | D9: Miss | E9: Make | F9: Splash-Out | G9: Guy | H9: Tri | I9: Di | J9: Vom | K9: Shot | L9: Shooter | M9: Miss | N9: Make | O9: Splash-Out | P9: Guy | Q9: Tri | R9: Di | S9: Vom
B10: 1 | C10: =IFERROR(__xludf.DUMMYFUNCTION("REGEXEXTRACT(C3, ""( .*)+"")")," Doody") -> Doody | E10: 1 | K10: 1 | L10: =IFERROR(__xludf.DUMMYFUNCTION("REGEXEXTRACT(L3, ""( .*)+"")")," Schroeder") -> Schroeder | M10: 1
B11: 1 | C11: =IFERROR(__xludf.DUMMYFUNCTION("REGEXEXTRACT(C4, ""( .*)+"")")," Morrison") -> Morrison | D11: 1 | K11: 1 | L11: =IFERROR(__xludf.DUMMYFUNCTION("REGEXEXTRACT(L4, ""( .*)+"")")," Lewis") -> Lewis | M11: 1 | O11: 1
B12: =B10+1 -> 2 | C12: =C10 -> Doody | E12: 1 | K12: =K10+1 -> 2 | L12: =L10 -> Schroeder | M12: 1
B13: =B11+1 -> 2 | C13: =C11 -> Morrison | D13: 1 | K13: =K11+1 -> 2 | L13: =L11 -> Lewis | M13: 1
B14: =B12+1 -> 3 | C14: =C12 -> Doody | D14: 1 | K14: =K12+1 -> 3 | L14: =L12 -> Schroeder | M14: 1
B15: =B13+1 -> 3 | C15: =C13 -> Morrison | D15: 1 | K15: =K13+1 -> 3 | L15: =L13 -> Lewis | M15: 1 | O15: 1
B16: =B14+1 -> 4 | C16: =C14 -> Doody | D16: 1 | K16: =K14+1 -> 4 | L16: =L14 -> Schroeder | M16: 1
B17: =B15+1 -> 4 | C17: =C15 -> Morrison | D17: 1 | K17: =K15+1 -> 4 | L17: =L15 -> Lewis | M17: 1
B18: =B16+1 -> 5 | C18: =C16 -> Doody | D18: 1 | K18: =K16+1 -> 5 | L18: =L16 -> Schroeder | N18: 1
B19: =B17+1 -> 5 | C19: =C17 -> Morrison | D19: 1 | K19: =K17+1 -> 5 | L19: =L17 -> Lewis | N19: 1
B20: =B18+1 -> 6 | C20: =C18 -> Doody | D20: 1 | K20: =K18+1 -> 6 | L20: =L18 -> Schroeder | M20: 1
B21: =B19+1 -> 6 | C21: =C19 -> Morrison | D21: 1 | K21: =K19+1 -> 6 | L21: =L19 -> Lewis | M21: 1
B22: =B20+1 -> 7 | C22: =C20 -> Doody | D22: 1 | K22: =K20+1 -> 7 | L22: =L20 -> Schroeder | N22: 1
B23: =B21+1 -> 7 | C23: =C21 -> Morrison | D23: 1 | K23: =K21+1 -> 7 | L23: =L21 -> Lewis | M23: 1 | O23: 1
B24: =B22+1 -> 8 | C24: =C22 -> Doody | D24: 1 | F24: 1 | K24: =K22+1 -> 8 | L24: =L22 -> Schroeder | M24: 1 | P24: 1
B25: =B23+1 -> 8 | C25: =C23 -> Morrison | D25: 1 | K25: =K23+1 -> 8 | L25: =L23 -> Lewis | M25: 1
B26: =B24+1 -> 9 | C26: =C24 -> Doody | D26: 1 | K26: =K24+1 -> 9 | L26: =L24 -> Schroeder | M26: 1
B27: =B25+1 -> 9 | C27: =C25 -> Morrison | E27: 1 | K27: =K25+1 -> 9 | L27: =L25 -> Lewis | M27: 1 | O27: 1
B28: =B26+1 -> 10 | C28: =C26 -> Doody | D28: 1 | K28: =K26+1 -> 10 | L28: =L26 -> Schroeder | M28: 1
B29: =B27+1 -> 10 | C29: =C27 -> Morrison | D29: 1 | K29: =K27+1 -> 10 | L29: =L27 -> Lewis | M29: 1 | P29: 1
B30: =B28+1 -> 11 | C30: =C28 -> Doody | D30: 1 | K30: =K28+1 -> 11 | L30: =L28 -> Schroeder | M30: 1
B31: =B29+1 -> 11 | C31: =C29 -> Morrison | D31: 1 | K31: =K29+1 -> 11 | L31: =L29 -> Lewis | M31: 1
B32: =B30+1 -> 12 | C32: =C30 -> Doody | D32: 1 | K32: =K30+1 -> 12 | L32: =L30 -> Schroeder | M32: 1
B33: =B31+1 -> 12 | C33: =C31 -> Morrison | D33: 1 | F33: 1 | K33: =K31+1 -> 12 | L33: =L31 -> Lewis | M33: 1
B34: =B32+1 -> 13 | C34: =C32 -> Doody | D34: 1 | K34: =K32+1 -> 13 | L34: =L32 -> Schroeder | N34: 1
B35: =B33+1 -> 13 | C35: =C33 -> Morrison | D35: 1 | K35: =K33+1 -> 13 | L35: =L33 -> Lewis | N35: 1
B36: =B34+1 -> 14 | C36: =C34 -> Doody | D36: 1 | K36: =K34+1 -> 14 | L36: =L34 -> Schroeder | M36: 1
B37: =B35+1 -> 14 | C37: =C35 -> Morrison | E37: 1 | K37: =K35+1 -> 14 | L37: =L35 -> Lewis | M37: 1
B38: =B36+1 -> 15 | C38: =C36 -> Doody | E38: 1 | K38: =K36+1 -> 15 | L38: =L36 -> Schroeder | M38: 1
B39: =B37+1 -> 15 | C39: =C37 -> Morrison | D39: 1 | K39: =K37+1 -> 15 | L39: =L37 -> Lewis | M39: 1 | O39: 1
B40: =B38+1 -> 16 | C40: =C38 -> Doody | E40: 1 | K40: =K38+1 -> 16 | L40: =L38 -> Schroeder | M40: 1
B41: =B39+1 -> 16 | C41: =C39 -> Morrison | D41: 1 | K41: =K39+1 -> 16 | L41: =L39 -> Lewis | M41: 1 | O41: 1
B42: =B40+1 -> 17 | C42: =C40 -> Doody | E42: 1 | K42: =K40+1 -> 17 | L42: =L40 -> Schroeder | N42: 1
B43: =B41+1 -> 17 | C43: =C41 -> Morrison | D43: 1 | K43: =K41+1 -> 17 | L43: =L41 -> Lewis | M43: 1 | O43: 1
B44: =B42+1 -> 18 | C44: =C42 -> Doody | D44: 1 | K44: =K42+1 -> 18 | L44: =L42 -> Schroeder | M44: 1
B45: =B43+1 -> 18 | C45: =C43 -> Morrison | D45: 1 | K45: =K43+1 -> 18 | L45: =L43 -> Lewis | N45: 1
B46: =B44+1 -> 19 | C46: =C44 -> Doody | D46: 1 | G46: 1 | K46: =K44+1 -> 19 | L46: =L44 -> Schroeder | M46: 1
B47: =B45+1 -> 19 | C47: =C45 -> Morrison | E47: 1 | K47: =K45+1 -> 19 | L47: =L45 -> Lewis | M47: 1
B48: =B46+1 -> 20 | C48: =C46 -> Doody | D48: 1 | K48: =K46+1 -> 20 | L48: =L46 -> Schroeder | M48: 1
B49: =B47+1 -> 20 | C49: =C47 -> Morrison | D49: 1 | K49: =K47+1 -> 20 | L49: =L47 -> Lewis | M49: 1
B50: =B48+1 -> 21 | C50: =C48 -> Doody | E50: 1 | K50: =K48+1 -> 21 | L50: =L48 -> Schroeder | N50: 1
B51: =B49+1 -> 21 | C51: =C49 -> Morrison | D51: 1 | K51: =K49+1 -> 21 | L51: =L49 -> Lewis | M51: 1
B52: =B50+1 -> 22 | C52: =C50 -> Doody | D52: 1 | G52: 1 | K52: =K50+1 -> 22 | L52: =L50 -> Schroeder | M52: 1 | O52: 1
B53: =B51+1 -> 22 | C53: =C51 -> Morrison | D53: 1 | G53: 1 | K53: =K51+1 -> 22 | L53: =L51 -> Lewis | M53: 1
B54: =B52+1 -> 23 | C54: =C52 -> Doody | D54: 1 | K54: =K52+1 -> 23 | L54: =L52 -> Schroeder | M54: 1
B55: =B53+1 -> 23 | C55: =C53 -> Morrison | D55: 1 | K55: =K53+1 -> 23 | L55: =L53 -> Lewis | N55: 1
B56: =B54+1 -> 24 | C56: =C54 -> Doody | D56: 1 | G56: 1 | K56: =K54+1 -> 24 | L56: =L54 -> Schroeder | M56: 1
B57: =B55+1 -> 24 | C57: =C55 -> Morrison | D57: 1 | K57: =K55+1 -> 24 | L57: =L55 -> Lewis | M57: 1
B58: =B56+1 -> 25 | C58: =C56 -> Doody | D58: 1 | K58: =K56+1 -> 25 | L58: =L56 -> Schroeder | M58: 1
B59: =B57+1 -> 25 | C59: =C57 -> Morrison | D59: 1 | K59: =K57+1 -> 25 | L59: =L57 -> Lewis | M59: 1
B60: =B58+1 -> 26 | C60: =C58 -> Doody | D60: 1 | K60: =K58+1 -> 26 | L60: =L58 -> Schroeder | M60: 1
B61: =B59+1 -> 26 | C61: =C59 -> Morrison | D61: 1 | G61: 1 | K61: =K59+1 -> 26 | L61: =L59 -> Lewis | M61: 1
B62: =B60+1 -> 27 | C62: =C60 -> Doody | D62: 1 | K62: =K60+1 -> 27 | L62: =L60 -> Schroeder | M62: 1 | P62: 1
B63: =B61+1 -> 27 | C63: =C61 -> Morrison | D63: 1 | K63: =K61+1 -> 27 | L63: =L61 -> Lewis | M63: 1
B64: =B62+1 -> 28 | C64: =C62 -> Doody | D64: 1 | K64: =K62+1 -> 28 | L64: =L62 -> Schroeder | M64: 1
B65: =B63+1 -> 28 | C65: =C63 -> Morrison | D65: 1 | K65: =K63+1 -> 28 | L65: =L63 -> Lewis | M65: 1 | O65: 1
B66: =B64+1 -> 29 | C66: =C64 -> Doody | D66: 1 | K66: =K64+1 -> 29 | L66: =L64 -> Schroeder | M66: 1 | O66: 1
B67: =B65+1 -> 29 | C67: =C65 -> Morrison | D67: 1 | G67: 1 | K67: =K65+1 -> 29 | L67: =L65 -> Lewis | M67: 1
B68: =B66+1 -> 30 | C68: =C66 -> Doody | K68: =K66+1 -> 30 | L68: =L66 -> Schroeder | M68: 1
B69: =B67+1 -> 30 | C69: =C67 -> Morrison | K69: =K67+1 -> 30 | L69: =L67 -> Lewis | N69: 1
B70: 31 | C70: =C68 -> Doody | K70: 31 | L70: =L68 -> Schroeder
B71: 31 | C71: =C69 -> Morrison | K71: 31 | L71: =L69 -> Lewis
B72: 32 | C72: =C70 -> Doody | K72: 32 | L72: =L70 -> Schroeder
B73: 32 | C73: =C71 -> Morrison | K73: 32 | L73: =L71 -> Lewis
B74: 33 | C74: =C72 -> Doody | K74: 33 | L74: =L72 -> Schroeder
B75: 33 | C75: =C73 -> Morrison | K75: 33 | L75: =L73 -> Lewis
B76: 34 | C76: =C74 -> Doody | K76: 34 | L76: =L74 -> Schroeder
B77: 34 | C77: =C75 -> Morrison | K77: 34 | L77: =L75 -> Lewis
B78: 35 | C78: =C76 -> Doody | K78: 35 | L78: =L76 -> Schroeder
B79: 35 | C79: =C77 -> Morrison | K79: 35 | L79: =L77 -> Lewis
B80: 36 | C80: =C78 -> Doody | K80: 36 | L80: =L78 -> Schroeder
B81: 36 | C81: =C79 -> Morrison | K81: 36 | L81: =L79 -> Lewis
... B89: 40 | C89: =C87 -> Morrison | K89: 40 | L89: =L87 -> Lewis

Sheet BagnavReed vs. Chamoui
B2: FINAL | D2: Miss | E2: Make | F2: Splash-Out | G2: Guy | H2: Tri | I2: Di | J2: Vom | M2: Miss | N2: Make | O2: Splash-Out | P2: Guy | Q2: Tri | R2: Di | S2: Vom
B3: Shooter 1: | C3: Gabriel Hamoui | D3: =SUMPRODUCT(D10:D90,MOD(ROW(D10:D90),2)=0) -> 22 | E3: =SUMPRODUCT(E10:E90,MOD(ROW(E10:E90),2)=0) -> 5 | F3: =SUMPRODUCT(F10:F90,MOD(ROW(F10:F90),2)=0) -> 2 | G3: =SUMPRODUCT(G10:G90,MOD(ROW(G10:G90),2)=0) -> 1 | H3: =SUMPRODUCT(H10:H90,MOD(ROW(H10:H90),2)=0) -> 1 | I3: =SUMPRODUCT(I10:I90,MOD(ROW(I10:I90),2)=0) -> 0 | J3: =SUMPRODUCT(J10:J90,MOD(ROW(J10:J90),2)=0) -> 0 | K3: Shooter 1: | L3: Pranav Ravulapati | M3: =SUMPRODUCT(M10:M90,MOD(ROW(M10:M90),2)=0) -> 23 | N3: =SUMPRODUCT(N10:N90,MOD(ROW(N10:N90),2)=0) -> 4 | O3: =SUMPRODUCT(O10:O90,MOD(ROW(O10:O90),2)=0) -> 0 | P3: =SUMPRODUCT(P10:P90,MOD(ROW(P10:P90),2)=0) -> 2 | Q3: =SUMPRODUCT(Q10:Q90,MOD(ROW(Q10:Q90),2)=0) -> 0 | R3: =SUMPRODUCT(R10:R90,MOD(ROW(R10:R90),2)=0) -> 0 | S3: =SUMPRODUCT(S10:S90,MOD(ROW(S10:S90),2)=0) -> 0
B4: Shooter 2: | C4: Camden Reeves | D4: =SUMPRODUCT(D10:D90,MOD(ROW(D10:D90),2)) -> 24 | E4: =SUMPRODUCT(E10:E90,MOD(ROW(E10:E90),2)) -> 2 | F4: =SUMPRODUCT(F10:F90,MOD(ROW(F10:F90),2)) -> 0 | G4: =SUMPRODUCT(G10:G90,MOD(ROW(G10:G90),2)) -> 1 | H4: =SUMPRODUCT(H10:H90,MOD(ROW(H10:H90),2)) -> 0 | I4: =SUMPRODUCT(I10:I90,MOD(ROW(I10:I90),2)) -> 0 | J4: =SUMPRODUCT(J10:J90,MOD(ROW(J10:J90),2)) -> 0 | K4: Shooter 2: | L4: Reed Schoenfeld | M4: =SUMPRODUCT(M10:M90,MOD(ROW(M10:M90),2)) -> 23 | N4: =SUMPRODUCT(N10:N90,MOD(ROW(N10:N90),2)) -> 5 | O4: =SUMPRODUCT(O10:O90,MOD(ROW(O10:O90),2)) -> 0 | P4: =SUMPRODUCT(P10:P90,MOD(ROW(P10:P90),2)) -> 1 | Q4: =SUMPRODUCT(Q10:Q90,MOD(ROW(Q10:Q90),2)) -> 0 | R4: =SUMPRODUCT(R10:R90,MOD(ROW(R10:R90),2)) -> 0 | S4: =SUMPRODUCT(S10:S90,MOD(ROW(S10:S90),2)) -> 0
C5: =IFERROR((C10 &" %"), "") -> Hamoui % | D5: =IFERROR((E3/(E3+D3)),0) -> 0.18518519 | L5: =IFERROR((L10 &" %"), "") -> Ravulapati % | M5: =IFERROR((N3/(N3+M3)),0) -> 0.14814815
C6: =IFERROR((C11 &" %"), "") -> Reeves % | D6: =IFERROR((E4/(E4+D4)),0) -> 0.076923077 | L6: =IFERROR((L11 &" %"), "") -> Schoenfeld % | M6: =IFERROR((N4/(N4+M4)),0) -> 0.17857143
B8: Teams
B9: Shot | C9: Shooter | D9: Miss | E9: Make | F9: Splash-Out | G9: Guy | H9: Tri | I9: Di | J9: Vom | K9: Shot | L9: Shooter | M9: Miss | N9: Make | O9: Splash-Out | P9: Guy | Q9: Tri | R9: Di | S9: Vom
B10: 1 | C10: =IFERROR(__xludf.DUMMYFUNCTION("REGEXEXTRACT(C3, ""( .*)+"")")," Hamoui") -> Hamoui | D10: 1 | F10: 1 | K10: 1 | L10: =IFERROR(__xludf.DUMMYFUNCTION("REGEXEXTRACT(L3, ""( .*)+"")")," Ravulapati") -> Ravulapati | M10: 1 | P10: 1
B11: 1 | C11: =IFERROR(__xludf.DUMMYFUNCTION("REGEXEXTRACT(C4, ""( .*)+"")")," Reeves") -> Reeves | D11: 1 | K11: 1 | L11: =IFERROR(__xludf.DUMMYFUNCTION("REGEXEXTRACT(L4, ""( .*)+"")")," Schoenfeld") -> Schoenfeld | N11: 1
B12: =B10+1 -> 2 | C12: =C10 -> Hamoui | D12: 1 | K12: =K10+1 -> 2 | L12: =L10 -> Ravulapati | M12: 1
B13: =B11+1 -> 2 | C13: =C11 -> Reeves | D13: 1 | K13: =K11+1 -> 2 | L13: =L11 -> Schoenfeld | M13: 1
B14: =B12+1 -> 3 | C14: =C12 -> Hamoui | D14: 1 | K14: =K12+1 -> 3 | L14: =L12 -> Ravulapati | M14: 1
B15: =B13+1 -> 3 | C15: =C13 -> Reeves | D15: 1 | K15: =K13+1 -> 3 | L15: =L13 -> Schoenfeld | M15: 1
B16: =B14+1 -> 4 | C16: =C14 -> Hamoui | E16: 1 | K16: =K14+1 -> 4 | L16: =L14 -> Ravulapati | M16: 1
B17: =B15+1 -> 4 | C17: =C15 -> Reeves | D17: 1 | K17: =K15+1 -> 4 | L17: =L15 -> Schoenfeld | N17: 1
B18: =B16+1 -> 5 | C18: =C16 -> Hamoui | D18: 1 | K18: =K16+1 -> 5 | L18: =L16 -> Ravulapati | N18: 1
B19: =B17+1 -> 5 | C19: =C17 -> Reeves | D19: 1 | K19: =K17+1 -> 5 | L19: =L17 -> Schoenfeld | M19: 1
B20: =B18+1 -> 6 | C20: =C18 -> Hamoui | D20: 1 | H20: 1 | K20: =K18+1 -> 6 | L20: =L18 -> Ravulapati | M20: 1
B21: =B19+1 -> 6 | C21: =C19 -> Reeves | D21: 1 | K21: =K19+1 -> 6 | L21: =L19 -> Schoenfeld | M21: 1
B22: =B20+1 -> 7 | C22: =C20 -> Hamoui | D22: 1 | F22: 1 | K22: =K20+1 -> 7 | L22: =L20 -> Ravulapati | M22: 1
B23: =B21+1 -> 7 | C23: =C21 -> Reeves | D23: 1 | K23: =K21+1 -> 7 | L23: =L21 -> Schoenfeld | M23: 1
B24: =B22+1 -> 8 | C24: =C22 -> Hamoui | D24: 1 | K24: =K22+1 -> 8 | L24: =L22 -> Ravulapati | M24: 1
B25: =B23+1 -> 8 | C25: =C23 -> Reeves | D25: 1 | K25: =K23+1 -> 8 | L25: =L23 -> Schoenfeld | M25: 1
B26: =B24+1 -> 9 | C26: =C24 -> Hamoui | E26: 1 | K26: =K24+1 -> 9 | L26: =L24 -> Ravulapati | M26: 1
B27: =B25+1 -> 9 | C27: =C25 -> Reeves | D27: 1 | K27: =K25+1 -> 9 | L27: =L25 -> Schoenfeld | M27: 1
B28: =B26+1 -> 10 | C28: =C26 -> Hamoui | D28: 1 | K28: =K26+1 -> 10 | L28: =L26 -> Ravulapati | N28: 1
B29: =B27+1 -> 10 | C29: =C27 -> Reeves | D29: 1 | K29: =K27+1 -> 10 | L29: =L27 -> Schoenfeld | M29: 1
B30: =B28+1 -> 11 | C30: =C28 -> Hamoui | D30: 1 | K30: =K28+1 -> 11 | L30: =L28 -> Ravulapati | M30: 1
B31: =B29+1 -> 11 | C31: =C29 -> Reeves | D31: 1 | K31: =K29+1 -> 11 | L31: =L29 -> Schoenfeld | N31: 1
B32: =B30+1 -> 12 | C32: =C30 -> Hamoui | E32: 1 | K32: =K30+1 -> 12 | L32: =L30 -> Ravulapati | M32: 1
B33: =B31+1 -> 12 | C33: =C31 -> Reeves | D33: 1 | K33: =K31+1 -> 12 | L33: =L31 -> Schoenfeld | M33: 1
B34: =B32+1 -> 13 | C34: =C32 -> Hamoui | D34: 1 | K34: =K32+1 -> 13 | L34: =L32 -> Ravulapati | N34: 1
B35: =B33+1 -> 13 | C35: =C33 -> Reeves | D35: 1 | K35: =K33+1 -> 13 | L35: =L33 -> Schoenfeld | M35: 1
B36: =B34+1 -> 14 | C36: =C34 -> Hamoui | D36: 1 | K36: =K34+1 -> 14 | L36: =L34 -> Ravulapati | M36: 1
B37: =B35+1 -> 14 | C37: =C35 -> Reeves | D37: 1 | K37: =K35+1 -> 14 | L37: =L35 -> Schoenfeld | M37: 1
B38: =B36+1 -> 15 | C38: =C36 -> Hamoui | D38: 1 | K38: =K36+1 -> 15 | L38: =L36 -> Ravulapati | M38: 1
B39: =B37+1 -> 15 | C39: =C37 -> Reeves | D39: 1 | K39: =K37+1 -> 15 | L39: =L37 -> Schoenfeld | M39: 1
B40: =B38+1 -> 16 | C40: =C38 -> Hamoui | D40: 1 | K40: =K38+1 -> 16 | L40: =L38 -> Ravulapati | M40: 1
B41: =B39+1 -> 16 | C41: =C39 -> Reeves | D41: 1 | K41: =K39+1 -> 16 | L41: =L39 -> Schoenfeld | M41: 1
B42: =B40+1 -> 17 | C42: =C40 -> Hamoui | D42: 1 | K42: =K40+1 -> 17 | L42: =L40 -> Ravulapati | M42: 1
B43: =B41+1 -> 17 | C43: =C41 -> Reeves | D43: 1 | K43: =K41+1 -> 17 | L43: =L41 -> Schoenfeld | M43: 1
B44: =B42+1 -> 18 | C44: =C42 -> Hamoui | D44: 1 | K44: =K42+1 -> 18 | L44: =L42 -> Ravulapati | M44: 1
B45: =B43+1 -> 18 | C45: =C43 -> Reeves | E45: 1 | K45: =K43+1 -> 18 | L45: =L43 -> Schoenfeld | M45: 1
B46: =B44+1 -> 19 | C46: =C44 -> Hamoui | D46: 1 | K46: =K44+1 -> 19 | L46: =L44 -> Ravulapati | M46: 1
B47: =B45+1 -> 19 | C47: =C45 -> Reeves | D47: 1 | K47: =K45+1 -> 19 | L47: =L45 -> Schoenfeld | M47: 1
B48: =B46+1 -> 20 | C48: =C46 -> Hamoui | E48: 1 | K48: =K46+1 -> 20 | L48: =L46 -> Ravulapati | M48: 1
B49: =B47+1 -> 20 | C49: =C47 -> Reeves | D49: 1 | K49: =K47+1 -> 20 | L49: =L47 -> Schoenfeld | M49: 1
B50: =B48+1 -> 21 | C50: =C48 -> Hamoui | D50: 1 | K50: =K48+1 -> 21 | L50: =L48 -> Ravulapati | M50: 1 | P50: 1
B51: =B49+1 -> 21 | C51: =C49 -> Reeves | D51: 1 | K51: =K49+1 -> 21 | L51: =L49 -> Schoenfeld | N51: 1
B52: =B50+1 -> 22 | C52: =C50 -> Hamoui | D52: 1 | K52: =K50+1 -> 22 | L52: =L50 -> Ravulapati | M52: 1
B53: =B51+1 -> 22 | C53: =C51 -> Reeves | E53: 1 | K53: =K51+1 -> 22 | L53: =L51 -> Schoenfeld | M53: 1
B54: =B52+1 -> 23 | C54: =C52 -> Hamoui | D54: 1 | K54: =K52+1 -> 23 | L54: =L52 -> Ravulapati | N54: 1
B55: =B53+1 -> 23 | C55: =C53 -> Reeves | D55: 1 | K55: =K53+1 -> 23 | L55: =L53 -> Schoenfeld | M55: 1
B56: =B54+1 -> 24 | C56: =C54 -> Hamoui | D56: 1 | K56: =K54+1 -> 24 | L56: =L54 -> Ravulapati | M56: 1
B57: =B55+1 -> 24 | C57: =C55 -> Reeves | D57: 1 | K57: =K55+1 -> 24 | L57: =L55 -> Schoenfeld | M57: 1
B58: =B56+1 -> 25 | C58: =C56 -> Hamoui | D58: 1 | G58: 1 | K58: =K56+1 -> 25 | L58: =L56 -> Ravulapati | M58: 1
B59: =B57+1 -> 25 | C59: =C57 -> Reeves | D59: 1 | K59: =K57+1 -> 25 | L59: =L57 -> Schoenfeld | M59: 1
B60: =B58+1 -> 26 | C60: =C58 -> Hamoui | D60: 1 | K60: =K58+1 -> 26 | L60: =L58 -> Ravulapati | M60: 1
B61: =B59+1 -> 26 | C61: =C59 -> Reeves | D61: 1 | G61: 1 | K61: =K59+1 -> 26 | L61: =L59 -> Schoenfeld | M61: 1
B62: =B60+1 -> 27 | C62: =C60 -> Hamoui | E62: 1 | K62: =K60+1 -> 27 | L62: =L60 -> Ravulapati | M62: 1
B63: =B61+1 -> 27 | C63: =C61 -> Reeves | K63: =K61+1 -> 27 | L63: =L61 -> Schoenfeld | N63: 1
B64: =B62+1 -> 28 | C64: =C62 -> Hamoui | K64: =K62+1 -> 28 | L64: =L62 -> Ravulapati
B65: =B63+1 -> 28 | C65: =C63 -> Reeves | K65: =K63+1 -> 28 | L65: =L63 -> Schoenfeld | M65: 1 | P65: 1
B66: =B64+1 -> 29 | C66: =C64 -> Hamoui | K66: =K64+1 -> 29 | L66: =L64 -> Ravulapati
B67: =B65+1 -> 29 | C67: =C65 -> Reeves | K67: =K65+1 -> 29 | L67: =L65 -> Schoenfeld
B68: =B66+1 -> 30 | C68: =C66 -> Hamoui | K68: =K66+1 -> 30 | L68: =L66 -> Ravulapati
B69: =B67+1 -> 30 | C69: =C67 -> Reeves | K69: =K67+1 -> 30 | L69: =L67 -> Schoenfeld
B70: 31 | C70: =C68 -> Hamoui | K70: 31 | L70: =L68 -> Ravulapati
B71: 31 | C71: =C69 -> Reeves | K71: 31 | L71: =L69 -> Schoenfeld
B72: 32 | C72: =C70 -> Hamoui | K72: 32 | L72: =L70 -> Ravulapati
B73: 32 | C73: =C71 -> Reeves | K73: 32 | L73: =L71 -> Schoenfeld
B74: 33 | C74: =C72 -> Hamoui | K74: 33 | L74: =L72 -> Ravulapati
B75: 33 | C75: =C73 -> Reeves | K75: 33 | L75: =L73 -> Schoenfeld
B76: 34 | C76: =C74 -> Hamoui | K76: 34 | L76: =L74 -> Ravulapati
B77: 34 | C77: =C75 -> Reeves | K77: 34 | L77: =L75 -> Schoenfeld
B78: 35 | C78: =C76 -> Hamoui | K78: 35 | L78: =L76 -> Ravulapati
B79: 35 | C79: =C77 -> Reeves | K79: 35 | L79: =L77 -> Schoenfeld
B80: 36 | C80: =C78 -> Hamoui | K80: 36 | L80: =L78 -> Ravulapati
B81: 36 | C81: =C79 -> Reeves | K81: 36 | L81: =L79 -> Schoenfeld
... B89: 40 | C89: =C87 -> Reeves | K89: 40 | L89: =L87 -> Schoenfeld

Sheet WigsBoggs vs. NamonitorByrne
B2: FINAL | D2: Miss | E2: Make | F2: Splash-Out | G2: Guy | H2: Tri | I2: Di | J2: Vom | M2: Miss | N2: Make | O2: Splash-Out | P2: Guy | Q2: Tri | R2: Di | S2: Vom
B3: Shooter 1: | C3: Jack Wigmore | D3: =SUMPRODUCT(D10:D90,MOD(ROW(D10:D90),2)=0) -> 11 | E3: =SUMPRODUCT(E10:E90,MOD(ROW(E10:E90),2)=0) -> 6 | F3: =SUMPRODUCT(F10:F90,MOD(ROW(F10:F90),2)=0) -> 1 | G3: =SUMPRODUCT(G10:G90,MOD(ROW(G10:G90),2)=0) -> 0 | H3: =SUMPRODUCT(H10:H90,MOD(ROW(H10:H90),2)=0) -> 0 | I3: =SUMPRODUCT(I10:I90,MOD(ROW(I10:I90),2)=0) -> 0 | J3: =SUMPRODUCT(J10:J90,MOD(ROW(J10:J90),2)=0) -> 0 | K3: Shooter 1: | L3: Naman Kulkarni | M3: =SUMPRODUCT(M10:M90,MOD(ROW(M10:M90),2)=0) -> 14 | N3: =SUMPRODUCT(N10:N90,MOD(ROW(N10:N90),2)=0) -> 3 | O3: =SUMPRODUCT(O10:O90,MOD(ROW(O10:O90),2)=0) -> 1 | P3: =SUMPRODUCT(P10:P90,MOD(ROW(P10:P90),2)=0) -> 3 | Q3: =SUMPRODUCT(Q10:Q90,MOD(ROW(Q10:Q90),2)=0) -> 0 | R3: =SUMPRODUCT(R10:R90,MOD(ROW(R10:R90),2)=0) -> 0 | S3: =SUMPRODUCT(S10:S90,MOD(ROW(S10:S90),2)=0) -> 0
B4: Shooter 2: | C4: Charlie Boggs | D4: =SUMPRODUCT(D10:D90,MOD(ROW(D10:D90),2)) -> 12 | E4: =SUMPRODUCT(E10:E90,MOD(ROW(E10:E90),2)) -> 4 | F4: =SUMPRODUCT(F10:F90,MOD(ROW(F10:F90),2)) -> 2 | G4: =SUMPRODUCT(G10:G90,MOD(ROW(G10:G90),2)) -> 1 | H4: =SUMPRODUCT(H10:H90,MOD(ROW(H10:H90),2)) -> 0 | I4: =SUMPRODUCT(I10:I90,MOD(ROW(I10:I90),2)) -> 0 | J4: =SUMPRODUCT(J10:J90,MOD(ROW(J10:J90),2)) -> 0 | K4: Shooter 2: | L4: Liam Byrne | M4: =SUMPRODUCT(M10:M90,MOD(ROW(M10:M90),2)) -> 12 | N4: =SUMPRODUCT(N10:N90,MOD(ROW(N10:N90),2)) -> 5 | O4: =SUMPRODUCT(O10:O90,MOD(ROW(O10:O90),2)) -> 2 | P4: =SUMPRODUCT(P10:P90,MOD(ROW(P10:P90),2)) -> 0 | Q4: =SUMPRODUCT(Q10:Q90,MOD(ROW(Q10:Q90),2)) -> 0 | R4: =SUMPRODUCT(R10:R90,MOD(ROW(R10:R90),2)) -> 0 | S4: =SUMPRODUCT(S10:S90,MOD(ROW(S10:S90),2)) -> 0
C5: =IFERROR((C10 &" %"), "") -> Wigmore % | D5: =IFERROR((E3/(E3+D3)),0) -> 0.35294118 | L5: =IFERROR((L10 &" %"), "") -> Kulkarni % | M5: =IFERROR((N3/(N3+M3)),0) -> 0.17647059
C6: =IFERROR((C11 &" %"), "") -> Boggs % | D6: =IFERROR((E4/(E4+D4)),0) -> 0.25 | L6: =IFERROR((L11 &" %"), "") -> Byrne % | M6: =IFERROR((N4/(N4+M4)),0) -> 0.29411765
B8: Teams
B9: Shot | C9: Shooter | D9: Miss | E9: Make | F9: Splash-Out | G9: Guy | H9: Tri | I9: Di | J9: Vom | K9: Shot | L9: Shooter | M9: Miss | N9: Make | O9: Splash-Out | P9: Guy | Q9: Tri | R9: Di | S9: Vom
B10: 1 | C10: =IFERROR(__xludf.DUMMYFUNCTION("REGEXEXTRACT(C3, ""( .*)+"")")," Wigmore") -> Wigmore | D10: 1 | K10: 1 | L10: =IFERROR(__xludf.DUMMYFUNCTION("REGEXEXTRACT(L3, ""( .*)+"")")," Kulkarni") -> Kulkarni | M10: 1
B11: 1 | C11: =IFERROR(__xludf.DUMMYFUNCTION("REGEXEXTRACT(C4, ""( .*)+"")")," Boggs") -> Boggs | E11: 1 | K11: 1 | L11: =IFERROR(__xludf.DUMMYFUNCTION("REGEXEXTRACT(L4, ""( .*)+"")")," Byrne") -> Byrne | M11: 1
B12: =B10+1 -> 2 | C12: =C10 -> Wigmore | D12: 1 | K12: =K10+1 -> 2 | L12: =L10 -> Kulkarni | N12: 1
B13: =B11+1 -> 2 | C13: =C11 -> Boggs | E13: 1 | K13: =K11+1 -> 2 | L13: =L11 -> Byrne | M13: 1
B14: =B12+1 -> 3 | C14: =C12 -> Wigmore | E14: 1 | K14: =K12+1 -> 3 | L14: =L12 -> Kulkarni | M14: 1
B15: =B13+1 -> 3 | C15: =C13 -> Boggs | D15: 1 | F15: 1 | K15: =K13+1 -> 3 | L15: =L13 -> Byrne | M15: 1
B16: =B14+1 -> 4 | C16: =C14 -> Wigmore | D16: 1 | K16: =K14+1 -> 4 | L16: =L14 -> Kulkarni | N16: 1
B17: =B15+1 -> 4 | C17: =C15 -> Boggs | E17: 1 | K17: =K15+1 -> 4 | L17: =L15 -> Byrne | M17: 1
B18: =B16+1 -> 5 | C18: =C16 -> Wigmore | D18: 1 | K18: =K16+1 -> 5 | L18: =L16 -> Kulkarni | M18: 1
B19: =B17+1 -> 5 | C19: =C17 -> Boggs | E19: 1 | K19: =K17+1 -> 5 | L19: =L17 -> Byrne | M19: 1 | O19: 1
B20: =B18+1 -> 6 | C20: =C18 -> Wigmore | E20: 1 | K20: =K18+1 -> 6 | L20: =L18 -> Kulkarni | M20: 1
B21: =B19+1 -> 6 | C21: =C19 -> Boggs | D21: 1 | K21: =K19+1 -> 6 | L21: =L19 -> Byrne | N21: 1
B22: =B20+1 -> 7 | C22: =C20 -> Wigmore | D22: 1 | F22: 1 | K22: =K20+1 -> 7 | L22: =L20 -> Kulkarni | M22: 1
B23: =B21+1 -> 7 | C23: =C21 -> Boggs | D23: 1 | K23: =K21+1 -> 7 | L23: =L21 -> Byrne | N23: 1
B24: =B22+1 -> 8 | C24: =C22 -> Wigmore | E24: 1 | K24: =K22+1 -> 8 | L24: =L22 -> Kulkarni | M24: 1 | O24: 1
B25: =B23+1 -> 8 | C25: =C23 -> Boggs | D25: 1 | K25: =K23+1 -> 8 | L25: =L23 -> Byrne | M25: 1
B26: =B24+1 -> 9 | C26: =C24 -> Wigmore | D26: 1 | K26: =K24+1 -> 9 | L26: =L24 -> Kulkarni | M26: 1
B27: =B25+1 -> 9 | C27: =C25 -> Boggs | D27: 1 | K27: =K25+1 -> 9 | L27: =L25 -> Byrne | M27: 1
B28: =B26+1 -> 10 | C28: =C26 -> Wigmore | D28: 1 | K28: =K26+1 -> 10 | L28: =L26 -> Kulkarni | M28: 1
B29: =B27+1 -> 10 | C29: =C27 -> Boggs | D29: 1 | K29: =K27+1 -> 10 | L29: =L27 -> Byrne | M29: 1
B30: =B28+1 -> 11 | C30: =C28 -> Wigmore | E30: 1 | K30: =K28+1 -> 11 | L30: =L28 -> Kulkarni | M30: 1
B31: =B29+1 -> 11 | C31: =C29 -> Boggs | D31: 1 | K31: =K29+1 -> 11 | L31: =L29 -> Byrne | M31: 1
B32: =B30+1 -> 12 | C32: =C30 -> Wigmore | D32: 1 | K32: =K30+1 -> 12 | L32: =L30 -> Kulkarni | M32: 1 | P32: 1
B33: =B31+1 -> 12 | C33: =C31 -> Boggs | D33: 1 | K33: =K31+1 -> 12 | L33: =L31 -> Byrne | N33: 1
B34: =B32+1 -> 13 | C34: =C32 -> Wigmore | D34: 1 | K34: =K32+1 -> 13 | L34: =L32 -> Kulkarni | N34: 1
B35: =B33+1 -> 13 | C35: =C33 -> Boggs | D35: 1 | K35: =K33+1 -> 13 | L35: =L33 -> Byrne | M35: 1 | O35: 1
B36: =B34+1 -> 14 | C36: =C34 -> Wigmore | D36: 1 | K36: =K34+1 -> 14 | L36: =L34 -> Kulkarni | M36: 1
B37: =B35+1 -> 14 | C37: =C35 -> Boggs | D37: 1 | F37: 1 | K37: =K35+1 -> 14 | L37: =L35 -> Byrne | M37: 1
B38: =B36+1 -> 15 | C38: =C36 -> Wigmore | E38: 1 | K38: =K36+1 -> 15 | L38: =L36 -> Kulkarni | M38: 1
B39: =B37+1 -> 15 | C39: =C37 -> Boggs | D39: 1 | G39: 1 | K39: =K37+1 -> 15 | L39: =L37 -> Byrne | N39: 1
B40: =B38+1 -> 16 | C40: =C38 -> Wigmore | D40: 1 | K40: =K38+1 -> 16 | L40: =L38 -> Kulkarni | M40: 1 | P40: 1
B41: =B39+1 -> 16 | C41: =C39 -> Boggs | D41: 1 | K41: =K39+1 -> 16 | L41: =L39 -> Byrne | N41: 1
B42: =B40+1 -> 17 | C42: =C40 -> Wigmore | E42: 1 | K42: =K40+1 -> 17 | L42: =L40 -> Kulkarni | M42: 1 | P42: 1
B43: =B41+1 -> 17 | C43: =C41 -> Boggs | K43: =K41+1 -> 17 | L43: =L41 -> Byrne | M43: 1
B44: =B42+1 -> 18 | C44: =C42 -> Wigmore | K44: =K42+1 -> 18 | L44: =L42 -> Kulkarni
B45: =B43+1 -> 18 | C45: =C43 -> Boggs | K45: =K43+1 -> 18 | L45: =L43 -> Byrne
B46: =B44+1 -> 19 | C46: =C44 -> Wigmore | K46: =K44+1 -> 19 | L46: =L44 -> Kulkarni
B47: =B45+1 -> 19 | C47: =C45 -> Boggs | K47: =K45+1 -> 19 | L47: =L45 -> Byrne
B48: =B46+1 -> 20 | C48: =C46 -> Wigmore | K48: =K46+1 -> 20 | L48: =L46 -> Kulkarni
B49: =B47+1 -> 20 | C49: =C47 -> Boggs | K49: =K47+1 -> 20 | L49: =L47 -> Byrne
B50: =B48+1 -> 21 | C50: =C48 -> Wigmore | K50: =K48+1 -> 21 | L50: =L48 -> Kulkarni
B51: =B49+1 -> 21 | C51: =C49 -> Boggs | K51: =K49+1 -> 21 | L51: =L49 -> Byrne
B52: =B50+1 -> 22 | C52: =C50 -> Wigmore | K52: =K50+1 -> 22 | L52: =L50 -> Kulkarni
B53: =B51+1 -> 22 | C53: =C51 -> Boggs | K53: =K51+1 -> 22 | L53: =L51 -> Byrne
B54: =B52+1 -> 23 | C54: =C52 -> Wigmore | K54: =K52+1 -> 23 | L54: =L52 -> Kulkarni
B55: =B53+1 -> 23 | C55: =C53 -> Boggs | K55: =K53+1 -> 23 | L55: =L53 -> Byrne
... B69: =B67+1 -> 30 | C69: =C67 -> Boggs | K69: =K67+1 -> 30 | L69: =L67 -> Byrne
B70: 31 | C70: =C68 -> Wigmore | K70: 31 | L70: =L68 -> Kulkarni
B71: 31 | C71: =C69 -> Boggs | K71: 31 | L71: =L69 -> Byrne
B72: 32 | C72: =C70 -> Wigmore | K72: 32 | L72: =L70 -> Kulkarni
B73: 32 | C73: =C71 -> Boggs | K73: 32 | L73: =L71 -> Byrne
B74: 33 | C74: =C72 -> Wigmore | K74: 33 | L74: =L72 -> Kulkarni
B75: 33 | C75: =C73 -> Boggs | K75: 33 | L75: =L73 -> Byrne
B76: 34 | C76: =C74 -> Wigmore | K76: 34 | L76: =L74 -> Kulkarni
B77: 34 | C77: =C75 -> Boggs | K77: 34 | L77: =L75 -> Byrne
B78: 35 | C78: =C76 -> Wigmore | K78: 35 | L78: =L76 -> Kulkarni
B79: 35 | C79: =C77 -> Boggs | K79: 35 | L79: =L77 -> Byrne
B80: 36 | C80: =C78 -> Wigmore | K80: 36 | L80: =L78 -> Kulkarni
B81: 36 | C81: =C79 -> Boggs | K81: 36 | L81: =L79 -> Byrne
... B89: 40 | C89: =C87 -> Boggs | K89: 40 | L89: =L87 -> Byrne

Sheet HuddyCreamer vs BrockVinny
B2: FINAL | D2: Miss | E2: Make | F2: Splash-Out | G2: Guy | H2: Tri | I2: Di | J2: Vom | M2: Miss | N2: Make | O2: Splash-Out | P2: Guy | Q2: Tri | R2: Di | S2: Vom
B3: Shooter 1: | C3: Vinny Drolet | D3: =SUMPRODUCT(D10:D90,MOD(ROW(D10:D90),2)=0) -> 13 | E3: =SUMPRODUCT(E10:E90,MOD(ROW(E10:E90),2)=0) -> 3 | F3: =SUMPRODUCT(F10:F90,MOD(ROW(F10:F90),2)=0) -> 0 | G3: =SUMPRODUCT(G10:G90,MOD(ROW(G10:G90),2)=0) -> 0 | H3: =SUMPRODUCT(H10:H90,MOD(ROW(H10:H90),2)=0) -> 0 | I3: =SUMPRODUCT(I10:I90,MOD(ROW(I10:I90),2)=0) -> 0 | J3: =SUMPRODUCT(J10:J90,MOD(ROW(J10:J90),2)=0) -> 0 | K3: Shooter 1: | L3: Will Creamer | M3: =SUMPRODUCT(M10:M90,MOD(ROW(M10:M90),2)=0) -> 12 | N3: =SUMPRODUCT(N10:N90,MOD(ROW(N10:N90),2)=0) -> 4 | O3: =SUMPRODUCT(O10:O90,MOD(ROW(O10:O90),2)=0) -> 0 | P3: =SUMPRODUCT(P10:P90,MOD(ROW(P10:P90),2)=0) -> 1 | Q3: =SUMPRODUCT(Q10:Q90,MOD(ROW(Q10:Q90),2)=0) -> 0 | R3: =SUMPRODUCT(R10:R90,MOD(ROW(R10:R90),2)=0) -> 0 | S3: =SUMPRODUCT(S10:S90,MOD(ROW(S10:S90),2)=0) -> 0
B4: Shooter 2: | C4: Brock Benton | D4: =SUMPRODUCT(D10:D90,MOD(ROW(D10:D90),2)) -> 12 | E4: =SUMPRODUCT(E10:E90,MOD(ROW(E10:E90),2)) -> 5 | F4: =SUMPRODUCT(F10:F90,MOD(ROW(F10:F90),2)) -> 0 | G4: =SUMPRODUCT(G10:G90,MOD(ROW(G10:G90),2)) -> 1 | H4: =SUMPRODUCT(H10:H90,MOD(ROW(H10:H90),2)) -> 0 | I4: =SUMPRODUCT(I10:I90,MOD(ROW(I10:I90),2)) -> 0 | J4: =SUMPRODUCT(J10:J90,MOD(ROW(J10:J90),2)) -> 0 | K4: Shooter 2: | L4: Hudson Stolz | M4: =SUMPRODUCT(M10:M90,MOD(ROW(M10:M90),2)) -> 9 | N4: =SUMPRODUCT(N10:N90,MOD(ROW(N10:N90),2)) -> 6 | O4: =SUMPRODUCT(O10:O90,MOD(ROW(O10:O90),2)) -> 2 | P4: =SUMPRODUCT(P10:P90,MOD(ROW(P10:P90),2)) -> 0 | Q4: =SUMPRODUCT(Q10:Q90,MOD(ROW(Q10:Q90),2)) -> 0 | R4: =SUMPRODUCT(R10:R90,MOD(ROW(R10:R90),2)) -> 0 | S4: =SUMPRODUCT(S10:S90,MOD(ROW(S10:S90),2)) -> 0
C5: =IFERROR((C10 &" %"), "") -> Drolet % | D5: =IFERROR((E3/(E3+D3)),0) -> 0.1875 | L5: =IFERROR((L10 &" %"), "") -> Creamer % | M5: =IFERROR((N3/(N3+M3)),0) -> 0.25
C6: =IFERROR((C11 &" %"), "") -> Benton % | D6: =IFERROR((E4/(E4+D4)),0) -> 0.29411765 | L6: =IFERROR((L11 &" %"), "") -> Stolz % | M6: =IFERROR((N4/(N4+M4)),0) -> 0.4
B8: Teams
B9: Shot | C9: Shooter | D9: Miss | E9: Make | F9: Splash-Out | G9: Guy | H9: Tri | I9: Di | J9: Vom | K9: Shot | L9: Shooter | M9: Miss | N9: Make | O9: Splash-Out | P9: Guy | Q9: Tri | R9: Di | S9: Vom
B10: 1 | C10: =IFERROR(__xludf.DUMMYFUNCTION("REGEXEXTRACT(C3, ""( .*)+"")")," Drolet") -> Drolet | D10: 1 | K10: 1 | L10: =IFERROR(__xludf.DUMMYFUNCTION("REGEXEXTRACT(L3, ""( .*)+"")")," Creamer") -> Creamer | M10: 1
B11: 1 | C11: =IFERROR(__xludf.DUMMYFUNCTION("REGEXEXTRACT(C4, ""( .*)+"")")," Benton") -> Benton | E11: 1 | K11: 1 | L11: =IFERROR(__xludf.DUMMYFUNCTION("REGEXEXTRACT(L4, ""( .*)+"")")," Stolz") -> Stolz | M11: 1 | O11: 1
B12: =B10+1 -> 2 | C12: =C10 -> Drolet | D12: 1 | K12: =K10+1 -> 2 | L12: =L10 -> Creamer | N12: 1
B13: =B11+1 -> 2 | C13: =C11 -> Benton | D13: 1 | K13: =K11+1 -> 2 | L13: =L11 -> Stolz | M13: 1
B14: =B12+1 -> 3 | C14: =C12 -> Drolet | D14: 1 | K14: =K12+1 -> 3 | L14: =L12 -> Creamer | M14: 1
B15: =B13+1 -> 3 | C15: =C13 -> Benton | E15: 1 | K15: =K13+1 -> 3 | L15: =L13 -> Stolz | N15: 1
B16: =B14+1 -> 4 | C16: =C14 -> Drolet | D16: 1 | K16: =K14+1 -> 4 | L16: =L14 -> Creamer | N16: 1
B17: =B15+1 -> 4 | C17: =C15 -> Benton | D17: 1 | K17: =K15+1 -> 4 | L17: =L15 -> Stolz | N17: 1
B18: =B16+1 -> 5 | C18: =C16 -> Drolet | D18: 1 | K18: =K16+1 -> 5 | L18: =L16 -> Creamer | M18: 1
B19: =B17+1 -> 5 | C19: =C17 -> Benton | D19: 1 | K19: =K17+1 -> 5 | L19: =L17 -> Stolz | M19: 1
B20: =B18+1 -> 6 | C20: =C18 -> Drolet | E20: 1 | K20: =K18+1 -> 6 | L20: =L18 -> Creamer | M20: 1 | P20: 1
B21: =B19+1 -> 6 | C21: =C19 -> Benton | D21: 1 | K21: =K19+1 -> 6 | L21: =L19 -> Stolz | M21: 1 | O21: 1
B22: =B20+1 -> 7 | C22: =C20 -> Drolet | D22: 1 | K22: =K20+1 -> 7 | L22: =L20 -> Creamer | N22: 1
B23: =B21+1 -> 7 | C23: =C21 -> Benton | E23: 1 | K23: =K21+1 -> 7 | L23: =L21 -> Stolz | M23: 1
B24: =B22+1 -> 8 | C24: =C22 -> Drolet | D24: 1 | K24: =K22+1 -> 8 | L24: =L22 -> Creamer | M24: 1
B25: =B23+1 -> 8 | C25: =C23 -> Benton | D25: 1 | G25: 1 | K25: =K23+1 -> 8 | L25: =L23 -> Stolz | M25: 1
B26: =B24+1 -> 9 | C26: =C24 -> Drolet | E26: 1 | K26: =K24+1 -> 9 | L26: =L24 -> Creamer | M26: 1
B27: =B25+1 -> 9 | C27: =C25 -> Benton | D27: 1 | K27: =K25+1 -> 9 | L27: =L25 -> Stolz | N27: 1
B28: =B26+1 -> 10 | C28: =C26 -> Drolet | E28: 1 | K28: =K26+1 -> 10 | L28: =L26 -> Creamer | M28: 1
B29: =B27+1 -> 10 | C29: =C27 -> Benton | D29: 1 | K29: =K27+1 -> 10 | L29: =L27 -> Stolz | N29: 1
B30: =B28+1 -> 11 | C30: =C28 -> Drolet | D30: 1 | K30: =K28+1 -> 11 | L30: =L28 -> Creamer | M30: 1
B31: =B29+1 -> 11 | C31: =C29 -> Benton | D31: 1 | K31: =K29+1 -> 11 | L31: =L29 -> Stolz | N31: 1
B32: =B30+1 -> 12 | C32: =C30 -> Drolet | D32: 1 | K32: =K30+1 -> 12 | L32: =L30 -> Creamer | M32: 1
B33: =B31+1 -> 12 | C33: =C31 -> Benton | D33: 1 | K33: =K31+1 -> 12 | L33: =L31 -> Stolz | M33: 1
B34: =B32+1 -> 13 | C34: =C32 -> Drolet | D34: 1 | K34: =K32+1 -> 13 | L34: =L32 -> Creamer | M34: 1
B35: =B33+1 -> 13 | C35: =C33 -> Benton | D35: 1 | K35: =K33+1 -> 13 | L35: =L33 -> Stolz | M35: 1
B36: =B34+1 -> 14 | C36: =C34 -> Drolet | D36: 1 | K36: =K34+1 -> 14 | L36: =L34 -> Creamer | M36: 1
B37: =B35+1 -> 14 | C37: =C35 -> Benton | E37: 1 | K37: =K35+1 -> 14 | L37: =L35 -> Stolz | M37: 1
B38: =B36+1 -> 15 | C38: =C36 -> Drolet | D38: 1 | K38: =K36+1 -> 15 | L38: =L36 -> Creamer | M38: 1
B39: =B37+1 -> 15 | C39: =C37 -> Benton | D39: 1 | K39: =K37+1 -> 15 | L39: =L37 -> Stolz | N39: 1
B40: =B38+1 -> 16 | C40: =C38 -> Drolet | D40: 1 | K40: =K38+1 -> 16 | L40: =L38 -> Creamer | N40: 1
B41: =B39+1 -> 16 | C41: =C39 -> Benton | E41: 1 | K41: =K39+1 -> 16 | L41: =L39 -> Stolz
B42: =B40+1 -> 17 | C42: =C40 -> Drolet | K42: =K40+1 -> 17 | L42: =L40 -> Creamer
B43: =B41+1 -> 17 | C43: =C41 -> Benton | D43: 1 | K43: =K41+1 -> 17 | L43: =L41 -> Stolz
B44: =B42+1 -> 18 | C44: =C42 -> Drolet | K44: =K42+1 -> 18 | L44: =L42 -> Creamer
B45: =B43+1 -> 18 | C45: =C43 -> Benton | K45: =K43+1 -> 18 | L45: =L43 -> Stolz
B46: =B44+1 -> 19 | C46: =C44 -> Drolet | K46: =K44+1 -> 19 | L46: =L44 -> Creamer
B47: =B45+1 -> 19 | C47: =C45 -> Benton | K47: =K45+1 -> 19 | L47: =L45 -> Stolz
B48: =B46+1 -> 20 | C48: =C46 -> Drolet | K48: =K46+1 -> 20 | L48: =L46 -> Creamer
B49: =B47+1 -> 20 | C49: =C47 -> Benton | K49: =K47+1 -> 20 | L49: =L47 -> Stolz
B50: =B48+1 -> 21 | C50: =C48 -> Drolet | K50: =K48+1 -> 21 | L50: =L48 -> Creamer
B51: =B49+1 -> 21 | C51: =C49 -> Benton | K51: =K49+1 -> 21 | L51: =L49 -> Stolz
B52: =B50+1 -> 22 | C52: =C50 -> Drolet | K52: =K50+1 -> 22 | L52: =L50 -> Creamer
B53: =B51+1 -> 22 | C53: =C51 -> Benton | K53: =K51+1 -> 22 | L53: =L51 -> Stolz
B54: =B52+1 -> 23 | C54: =C52 -> Drolet | K54: =K52+1 -> 23 | L54: =L52 -> Creamer
B55: =B53+1 -> 23 | C55: =C53 -> Benton | K55: =K53+1 -> 23 | L55: =L53 -> Stolz
... B69: =B67+1 -> 30 | C69: =C67 -> Benton | K69: =K67+1 -> 30 | L69: =L67 -> Stolz
B70: 31 | C70: =C68 -> Drolet | K70: 31 | L70: =L68 -> Creamer
B71: 31 | C71: =C69 -> Benton | K71: 31 | L71: =L69 -> Stolz
B72: 32 | C72: =C70 -> Drolet | K72: 32 | L72: =L70 -> Creamer
B73: 32 | C73: =C71 -> Benton | K73: 32 | L73: =L71 -> Stolz
B74: 33 | C74: =C72 -> Drolet | K74: 33 | L74: =L72 -> Creamer
B75: 33 | C75: =C73 -> Benton | K75: 33 | L75: =L73 -> Stolz
B76: 34 | C76: =C74 -> Drolet | K76: 34 | L76: =L74 -> Creamer
B77: 34 | C77: =C75 -> Benton | K77: 34 | L77: =L75 -> Stolz
B78: 35 | C78: =C76 -> Drolet | K78: 35 | L78: =L76 -> Creamer
B79: 35 | C79: =C77 -> Benton | K79: 35 | L79: =L77 -> Stolz
B80: 36 | C80: =C78 -> Drolet | K80: 36 | L80: =L78 -> Creamer
B81: 36 | C81: =C79 -> Benton | K81: 36 | L81: =L79 -> Stolz
... B89: 40 | C89: =C87 -> Benton | K89: 40 | L89: =L87 -> Stolz

Sheet SarchChuddy vs. JPShu
B2: FINAL | D2: Miss | E2: Make | F2: Splash-Out | G2: Guy | H2: Tri | I2: Di | J2: Vom | M2: Miss | N2: Make | O2: Splash-Out | P2: Guy | Q2: Tri | R2: Di | S2: Vom
B3: Shooter 1: | C3: Evan Sarchio | D3: =SUMPRODUCT(D10:D90,MOD(ROW(D10:D90),2)=0) -> 15 | E3: =SUMPRODUCT(E10:E90,MOD(ROW(E10:E90),2)=0) -> 3 | F3: =SUMPRODUCT(F10:F90,MOD(ROW(F10:F90),2)=0) -> 0 | G3: =SUMPRODUCT(G10:G90,MOD(ROW(G10:G90),2)=0) -> 0 | H3: =SUMPRODUCT(H10:H90,MOD(ROW(H10:H90),2)=0) -> 0 | I3: =SUMPRODUCT(I10:I90,MOD(ROW(I10:I90),2)=0) -> 0 | J3: =SUMPRODUCT(J10:J90,MOD(ROW(J10:J90),2)=0) -> 0 | K3: Shooter 1: | L3: Ford Tate | M3: =SUMPRODUCT(M10:M90,MOD(ROW(M10:M90),2)=0) -> 13 | N3: =SUMPRODUCT(N10:N90,MOD(ROW(N10:N90),2)=0) -> 5 | O3: =SUMPRODUCT(O10:O90,MOD(ROW(O10:O90),2)=0) -> 0 | P3: =SUMPRODUCT(P10:P90,MOD(ROW(P10:P90),2)=0) -> 1 | Q3: =SUMPRODUCT(Q10:Q90,MOD(ROW(Q10:Q90),2)=0) -> 0 | R3: =SUMPRODUCT(R10:R90,MOD(ROW(R10:R90),2)=0) -> 0 | S3: =SUMPRODUCT(S10:S90,MOD(ROW(S10:S90),2)=0) -> 0
B4: Shooter 2: | C4: Charlie Truesdale | D4: =SUMPRODUCT(D10:D90,MOD(ROW(D10:D90),2)) -> 13 | E4: =SUMPRODUCT(E10:E90,MOD(ROW(E10:E90),2)) -> 5 | F4: =SUMPRODUCT(F10:F90,MOD(ROW(F10:F90),2)) -> 1 | G4: =SUMPRODUCT(G10:G90,MOD(ROW(G10:G90),2)) -> 0 | H4: =SUMPRODUCT(H10:H90,MOD(ROW(H10:H90),2)) -> 0 | I4: =SUMPRODUCT(I10:I90,MOD(ROW(I10:I90),2)) -> 0 | J4: =SUMPRODUCT(J10:J90,MOD(ROW(J10:J90),2)) -> 0 | K4: Shooter 2: | L4: Jaden Pearlmutter | M4: =SUMPRODUCT(M10:M90,MOD(ROW(M10:M90),2)) -> 13 | N4: =SUMPRODUCT(N10:N90,MOD(ROW(N10:N90),2)) -> 5 | O4: =SUMPRODUCT(O10:O90,MOD(ROW(O10:O90),2)) -> 1 | P4: =SUMPRODUCT(P10:P90,MOD(ROW(P10:P90),2)) -> 0 | Q4: =SUMPRODUCT(Q10:Q90,MOD(ROW(Q10:Q90),2)) -> 0 | R4: =SUMPRODUCT(R10:R90,MOD(ROW(R10:R90),2)) -> 0 | S4: =SUMPRODUCT(S10:S90,MOD(ROW(S10:S90),2)) -> 0
C5: =IFERROR((C10 &" %"), "") -> Sarchio % | D5: =IFERROR((E3/(E3+D3)),0) -> 0.16666667 | L5: =IFERROR((L10 &" %"), "") -> Tate % | M5: =IFERROR((N3/(N3+M3)),0) -> 0.27777778
C6: =IFERROR((C11 &" %"), "") -> Truesdale % | D6: =IFERROR((E4/(E4+D4)),0) -> 0.27777778 | L6: =IFERROR((L11 &" %"), "") -> Pearlmutter % | M6: =IFERROR((N4/(N4+M4)),0) -> 0.27777778
B8: Teams
B9: Shot | C9: Shooter | D9: Miss | E9: Make | F9: Splash-Out | G9: Guy | H9: Tri | I9: Di | J9: Vom | K9: Shot | L9: Shooter | M9: Miss | N9: Make | O9: Splash-Out | P9: Guy | Q9: Tri | R9: Di | S9: Vom
B10: 1 | C10: =IFERROR(__xludf.DUMMYFUNCTION("REGEXEXTRACT(C3, ""( .*)+"")")," Sarchio") -> Sarchio | E10: 1 | K10: 1 | L10: =IFERROR(__xludf.DUMMYFUNCTION("REGEXEXTRACT(L3, ""( .*)+"")")," Tate") -> Tate | N10: 1
B11: 1 | C11: =IFERROR(__xludf.DUMMYFUNCTION("REGEXEXTRACT(C4, ""( .*)+"")")," Truesdale") -> Truesdale | D11: 1 | K11: 1 | L11: =IFERROR(__xludf.DUMMYFUNCTION("REGEXEXTRACT(L4, ""( .*)+"")")," Pearlmutter") -> Pearlmutter | M11: 1
B12: =B10+1 -> 2 | C12: =C10 -> Sarchio | D12: 1 | K12: =K10+1 -> 2 | L12: =L10 -> Tate | M12: 1
B13: =B11+1 -> 2 | C13: =C11 -> Truesdale | D13: 1 | K13: =K11+1 -> 2 | L13: =L11 -> Pearlmutter | M13: 1
B14: =B12+1 -> 3 | C14: =C12 -> Sarchio | D14: 1 | K14: =K12+1 -> 3 | L14: =L12 -> Tate | M14: 1
B15: =B13+1 -> 3 | C15: =C13 -> Truesdale | E15: 1 | K15: =K13+1 -> 3 | L15: =L13 -> Pearlmutter | M15: 1 | O15: 1
B16: =B14+1 -> 4 | C16: =C14 -> Sarchio | D16: 1 | K16: =K14+1 -> 4 | L16: =L14 -> Tate | M16: 1
B17: =B15+1 -> 4 | C17: =C15 -> Truesdale | D17: 1 | K17: =K15+1 -> 4 | L17: =L15 -> Pearlmutter | N17: 1
B18: =B16+1 -> 5 | C18: =C16 -> Sarchio | D18: 1 | K18: =K16+1 -> 5 | L18: =L16 -> Tate | M18: 1
B19: =B17+1 -> 5 | C19: =C17 -> Truesdale | D19: 1 | K19: =K17+1 -> 5 | L19: =L17 -> Pearlmutter | M19: 1
B20: =B18+1 -> 6 | C20: =C18 -> Sarchio | D20: 1 | K20: =K18+1 -> 6 | L20: =L18 -> Tate | M20: 1
B21: =B19+1 -> 6 | C21: =C19 -> Truesdale | D21: 1 | K21: =K19+1 -> 6 | L21: =L19 -> Pearlmutter | M21: 1
B22: =B20+1 -> 7 | C22: =C20 -> Sarchio | D22: 1 | K22: =K20+1 -> 7 | L22: =L20 -> Tate | N22: 1
B23: =B21+1 -> 7 | C23: =C21 -> Truesdale | D23: 1 | K23: =K21+1 -> 7 | L23: =L21 -> Pearlmutter | N23: 1
B24: =B22+1 -> 8 | C24: =C22 -> Sarchio | D24: 1 | K24: =K22+1 -> 8 | L24: =L22 -> Tate | M24: 1
B25: =B23+1 -> 8 | C25: =C23 -> Truesdale | E25: 1 | K25: =K23+1 -> 8 | L25: =L23 -> Pearlmutter | N25: 1
B26: =B24+1 -> 9 | C26: =C24 -> Sarchio | D26: 1 | K26: =K24+1 -> 9 | L26: =L24 -> Tate | N26: 1
B27: =B25+1 -> 9 | C27: =C25 -> Truesdale | D27: 1 | K27: =K25+1 -> 9 | L27: =L25 -> Pearlmutter | M27: 1
B28: =B26+1 -> 10 | C28: =C26 -> Sarchio | D28: 1 | K28: =K26+1 -> 10 | L28: =L26 -> Tate | M28: 1
B29: =B27+1 -> 10 | C29: =C27 -> Truesdale | D29: 1 | K29: =K27+1 -> 10 | L29: =L27 -> Pearlmutter | M29: 1
B30: =B28+1 -> 11 | C30: =C28 -> Sarchio | D30: 1 | K30: =K28+1 -> 11 | L30: =L28 -> Tate | M30: 1
B31: =B29+1 -> 11 | C31: =C29 -> Truesdale | E31: 1 | K31: =K29+1 -> 11 | L31: =L29 -> Pearlmutter | N31: 1
B32: =B30+1 -> 12 | C32: =C30 -> Sarchio | D32: 1 | K32: =K30+1 -> 12 | L32: =L30 -> Tate | M32: 1
B33: =B31+1 -> 12 | C33: =C31 -> Truesdale | D33: 1 | K33: =K31+1 -> 12 | L33: =L31 -> Pearlmutter | M33: 1
B34: =B32+1 -> 13 | C34: =C32 -> Sarchio | D34: 1 | K34: =K32+1 -> 13 | L34: =L32 -> Tate | M34: 1
B35: =B33+1 -> 13 | C35: =C33 -> Truesdale | D35: 1 | F35: 1 | K35: =K33+1 -> 13 | L35: =L33 -> Pearlmutter | N35: 1
B36: =B34+1 -> 14 | C36: =C34 -> Sarchio | D36: 1 | K36: =K34+1 -> 14 | L36: =L34 -> Tate | N36: 1
B37: =B35+1 -> 14 | C37: =C35 -> Truesdale | D37: 1 | K37: =K35+1 -> 14 | L37: =L35 -> Pearlmutter | M37: 1
B38: =B36+1 -> 15 | C38: =C36 -> Sarchio | E38: 1 | K38: =K36+1 -> 15 | L38: =L36 -> Tate | M38: 1
B39: =B37+1 -> 15 | C39: =C37 -> Truesdale | E39: 1 | K39: =K37+1 -> 15 | L39: =L37 -> Pearlmutter | M39: 1
B40: =B38+1 -> 16 | C40: =C38 -> Sarchio | E40: 1 | K40: =K38+1 -> 16 | L40: =L38 -> Tate | M40: 1
B41: =B39+1 -> 16 | C41: =C39 -> Truesdale | D41: 1 | K41: =K39+1 -> 16 | L41: =L39 -> Pearlmutter | M41: 1
B42: =B40+1 -> 17 | C42: =C40 -> Sarchio | D42: 1 | K42: =K40+1 -> 17 | L42: =L40 -> Tate | M42: 1 | P42: 1
B43: =B41+1 -> 17 | C43: =C41 -> Truesdale | E43: 1 | K43: =K41+1 -> 17 | L43: =L41 -> Pearlmutter | M43: 1
B44: =B42+1 -> 18 | C44: =C42 -> Sarchio | D44: 1 | K44: =K42+1 -> 18 | L44: =L42 -> Tate | N44: 1
B45: =B43+1 -> 18 | C45: =C43 -> Truesdale | D45: 1 | K45: =K43+1 -> 18 | L45: =L43 -> Pearlmutter | M45: 1
B46: =B44+1 -> 19 | C46: =C44 -> Sarchio | K46: =K44+1 -> 19 | L46: =L44 -> Tate
B47: =B45+1 -> 19 | C47: =C45 -> Truesdale | K47: =K45+1 -> 19 | L47: =L45 -> Pearlmutter
B48: =B46+1 -> 20 | C48: =C46 -> Sarchio | K48: =K46+1 -> 20 | L48: =L46 -> Tate
B49: =B47+1 -> 20 | C49: =C47 -> Truesdale | K49: =K47+1 -> 20 | L49: =L47 -> Pearlmutter
B50: =B48+1 -> 21 | C50: =C48 -> Sarchio | K50: =K48+1 -> 21 | L50: =L48 -> Tate
B51: =B49+1 -> 21 | C51: =C49 -> Truesdale | K51: =K49+1 -> 21 | L51: =L49 -> Pearlmutter
B52: =B50+1 -> 22 | C52: =C50 -> Sarchio | K52: =K50+1 -> 22 | L52: =L50 -> Tate
B53: =B51+1 -> 22 | C53: =C51 -> Truesdale | K53: =K51+1 -> 22 | L53: =L51 -> Pearlmutter
B54: =B52+1 -> 23 | C54: =C52 -> Sarchio | K54: =K52+1 -> 23 | L54: =L52 -> Tate
B55: =B53+1 -> 23 | C55: =C53 -> Truesdale | K55: =K53+1 -> 23 | L55: =L53 -> Pearlmutter
B56: =B54+1 -> 24 | C56: =C54 -> Sarchio | K56: =K54+1 -> 24 | L56: =L54 -> Tate
B57: =B55+1 -> 24 | C57: =C55 -> Truesdale | K57: =K55+1 -> 24 | L57: =L55 -> Pearlmutter
... B69: =B67+1 -> 30 | C69: =C67 -> Truesdale | K69: =K67+1 -> 30 | L69: =L67 -> Pearlmutter
B70: 31 | C70: =C68 -> Sarchio | K70: 31 | L70: =L68 -> Tate
B71: 31 | C71: =C69 -> Truesdale | K71: 31 | L71: =L69 -> Pearlmutter
B72: 32 | C72: =C70 -> Sarchio | K72: 32 | L72: =L70 -> Tate
B73: 32 | C73: =C71 -> Truesdale | K73: 32 | L73: =L71 -> Pearlmutter
B74: 33 | C74: =C72 -> Sarchio | K74: 33 | L74: =L72 -> Tate
B75: 33 | C75: =C73 -> Truesdale | K75: 33 | L75: =L73 -> Pearlmutter
B76: 34 | C76: =C74 -> Sarchio | K76: 34 | L76: =L74 -> Tate
B77: 34 | C77: =C75 -> Truesdale | K77: 34 | L77: =L75 -> Pearlmutter
B78: 35 | C78: =C76 -> Sarchio | K78: 35 | L78: =L76 -> Tate
B79: 35 | C79: =C77 -> Truesdale | K79: 35 | L79: =L77 -> Pearlmutter
B80: 36 | C80: =C78 -> Sarchio | K80: 36 | L80: =L78 -> Tate
B81: 36 | C81: =C79 -> Truesdale | K81: 36 | L81: =L79 -> Pearlmutter
... B89: 40 | C89: =C87 -> Truesdale | K89: 40 | L89: =L87 -> Pearlmutter

Sheet S16- PierreAnson vs GrantBash
B2: FINAL | D2: Miss | E2: Make | F2: Splash-Out | G2: Guy | H2: Tri | I2: Di | J2: Vom | M2: Miss | N2: Make | O2: Splash-Out | P2: Guy | Q2: Tri | R2: Di | S2: Vom
B3: Shooter 1: | C3: Pierre Gathy | D3: =SUMPRODUCT(D10:D90,MOD(ROW(D10:D90),2)=0) -> 17 | E3: =SUMPRODUCT(E10:E90,MOD(ROW(E10:E90),2)=0) -> 4 | F3: =SUMPRODUCT(F10:F90,MOD(ROW(F10:F90),2)=0) -> 2 | G3: =SUMPRODUCT(G10:G90,MOD(ROW(G10:G90),2)=0) -> 1 | H3: =SUMPRODUCT(H10:H90,MOD(ROW(H10:H90),2)=0) -> 0 | I3: =SUMPRODUCT(I10:I90,MOD(ROW(I10:I90),2)=0) -> 0 | J3: =SUMPRODUCT(J10:J90,MOD(ROW(J10:J90),2)=0) -> 0 | K3: Shooter 1: | L3: Zach Bashour | M3: =SUMPRODUCT(M10:M90,MOD(ROW(M10:M90),2)=0) -> 20 | N3: =SUMPRODUCT(N10:N90,MOD(ROW(N10:N90),2)=0) -> 1 | O3: =SUMPRODUCT(O10:O90,MOD(ROW(O10:O90),2)=0) -> 0 | P3: =SUMPRODUCT(P10:P90,MOD(ROW(P10:P90),2)=0) -> 2 | Q3: =SUMPRODUCT(Q10:Q90,MOD(ROW(Q10:Q90),2)=0) -> 0 | R3: =SUMPRODUCT(R10:R90,MOD(ROW(R10:R90),2)=0) -> 0 | S3: =SUMPRODUCT(S10:S90,MOD(ROW(S10:S90),2)=0) -> 0
B4: Shooter 2: | C4: Anson Mies | D4: =SUMPRODUCT(D10:D90,MOD(ROW(D10:D90),2)) -> 15 | E4: =SUMPRODUCT(E10:E90,MOD(ROW(E10:E90),2)) -> 6 | F4: =SUMPRODUCT(F10:F90,MOD(ROW(F10:F90),2)) -> 2 | G4: =SUMPRODUCT(G10:G90,MOD(ROW(G10:G90),2)) -> 0 | H4: =SUMPRODUCT(H10:H90,MOD(ROW(H10:H90),2)) -> 0 | I4: =SUMPRODUCT(I10:I90,MOD(ROW(I10:I90),2)) -> 0 | J4: =SUMPRODUCT(J10:J90,MOD(ROW(J10:J90),2)) -> 0 | K4: Shooter 2: | L4: Grant Mullen | M4: =SUMPRODUCT(M10:M90,MOD(ROW(M10:M90),2)) -> 17 | N4: =SUMPRODUCT(N10:N90,MOD(ROW(N10:N90),2)) -> 4 | O4: =SUMPRODUCT(O10:O90,MOD(ROW(O10:O90),2)) -> 1 | P4: =SUMPRODUCT(P10:P90,MOD(ROW(P10:P90),2)) -> 0 | Q4: =SUMPRODUCT(Q10:Q90,MOD(ROW(Q10:Q90),2)) -> 0 | R4: =SUMPRODUCT(R10:R90,MOD(ROW(R10:R90),2)) -> 0 | S4: =SUMPRODUCT(S10:S90,MOD(ROW(S10:S90),2)) -> 0
C5: =IFERROR((C10 &" %"), "") -> Gathy % | D5: =IFERROR((E3/(E3+D3)),0) -> 0.19047619 | L5: =IFERROR((L10 &" %"), "") -> Bashour % | M5: =IFERROR((N3/(N3+M3)),0) -> 0.047619048
C6: =IFERROR((C11 &" %"), "") -> Mies % | D6: =IFERROR((E4/(E4+D4)),0) -> 0.28571429 | L6: =IFERROR((L11 &" %"), "") -> Mullen % | M6: =IFERROR((N4/(N4+M4)),0) -> 0.19047619
B8: Teams
B9: Shot | C9: Shooter | D9: Miss | E9: Make | F9: Splash-Out | G9: Guy | H9: Tri | I9: Di | J9: Vom | K9: Shot | L9: Shooter | M9: Miss | N9: Make | O9: Splash-Out | P9: Guy | Q9: Tri | R9: Di | S9: Vom
B10: 1 | C10: =IFERROR(__xludf.DUMMYFUNCTION("REGEXEXTRACT(C3, ""( .*)+"")")," Gathy") -> Gathy | E10: 1 | K10: 1 | L10: =IFERROR(__xludf.DUMMYFUNCTION("REGEXEXTRACT(L3, ""( .*)+"")")," Bashour") -> Bashour | M10: 1
B11: 1 | C11: =IFERROR(__xludf.DUMMYFUNCTION("REGEXEXTRACT(C4, ""( .*)+"")")," Mies") -> Mies | D11: 1 | K11: 1 | L11: =IFERROR(__xludf.DUMMYFUNCTION("REGEXEXTRACT(L4, ""( .*)+"")")," Mullen") -> Mullen | N11: 1
B12: =B10+1 -> 2 | C12: =C10 -> Gathy | D12: 1 | K12: =K10+1 -> 2 | L12: =L10 -> Bashour | M12: 1
B13: =B11+1 -> 2 | C13: =C11 -> Mies | E13: 1 | K13: =K11+1 -> 2 | L13: =L11 -> Mullen | N13: 1
B14: =B12+1 -> 3 | C14: =C12 -> Gathy | D14: 1 | K14: =K12+1 -> 3 | L14: =L12 -> Bashour | M14: 1
B15: =B13+1 -> 3 | C15: =C13 -> Mies | D15: 1 | F15: 1 | K15: =K13+1 -> 3 | L15: =L13 -> Mullen | M15: 1
B16: =B14+1 -> 4 | C16: =C14 -> Gathy | E16: 1 | K16: =K14+1 -> 4 | L16: =L14 -> Bashour | M16: 1 | P16: 1
B17: =B15+1 -> 4 | C17: =C15 -> Mies | D17: 1 | K17: =K15+1 -> 4 | L17: =L15 -> Mullen | N17: 1
B18: =B16+1 -> 5 | C18: =C16 -> Gathy | D18: 1 | K18: =K16+1 -> 5 | L18: =L16 -> Bashour | M18: 1
B19: =B17+1 -> 5 | C19: =C17 -> Mies | D19: 1 | K19: =K17+1 -> 5 | L19: =L17 -> Mullen | M19: 1
B20: =B18+1 -> 6 | C20: =C18 -> Gathy | D20: 1 | K20: =K18+1 -> 6 | L20: =L18 -> Bashour | M20: 1
B21: =B19+1 -> 6 | C21: =C19 -> Mies | D21: 1 | K21: =K19+1 -> 6 | L21: =L19 -> Mullen | M21: 1
B22: =B20+1 -> 7 | C22: =C20 -> Gathy | D22: 1 | K22: =K20+1 -> 7 | L22: =L20 -> Bashour | M22: 1
B23: =B21+1 -> 7 | C23: =C21 -> Mies | E23: 1 | K23: =K21+1 -> 7 | L23: =L21 -> Mullen | M23: 1
B24: =B22+1 -> 8 | C24: =C22 -> Gathy | D24: 1 | K24: =K22+1 -> 8 | L24: =L22 -> Bashour | M24: 1 | P24: 1
B25: =B23+1 -> 8 | C25: =C23 -> Mies | D25: 1 | K25: =K23+1 -> 8 | L25: =L23 -> Mullen | M25: 1
B26: =B24+1 -> 9 | C26: =C24 -> Gathy | D26: 1 | K26: =K24+1 -> 9 | L26: =L24 -> Bashour | M26: 1
B27: =B25+1 -> 9 | C27: =C25 -> Mies | D27: 1 | F27: 1 | K27: =K25+1 -> 9 | L27: =L25 -> Mullen | M27: 1
B28: =B26+1 -> 10 | C28: =C26 -> Gathy | D28: 1 | K28: =K26+1 -> 10 | L28: =L26 -> Bashour | M28: 1
B29: =B27+1 -> 10 | C29: =C27 -> Mies | D29: 1 | K29: =K27+1 -> 10 | L29: =L27 -> Mullen | M29: 1
B30: =B28+1 -> 11 | C30: =C28 -> Gathy | E30: 1 | K30: =K28+1 -> 11 | L30: =L28 -> Bashour | M30: 1
B31: =B29+1 -> 11 | C31: =C29 -> Mies | E31: 1 | K31: =K29+1 -> 11 | L31: =L29 -> Mullen | M31: 1
B32: =B30+1 -> 12 | C32: =C30 -> Gathy | D32: 1 | K32: =K30+1 -> 12 | L32: =L30 -> Bashour | M32: 1
B33: =B31+1 -> 12 | C33: =C31 -> Mies | E33: 1 | K33: =K31+1 -> 12 | L33: =L31 -> Mullen | M33: 1
B34: =B32+1 -> 13 | C34: =C32 -> Gathy | D34: 1 | F34: 1 | K34: =K32+1 -> 13 | L34: =L32 -> Bashour | M34: 1
B35: =B33+1 -> 13 | C35: =C33 -> Mies | E35: 1 | K35: =K33+1 -> 13 | L35: =L33 -> Mullen | M35: 1
B36: =B34+1 -> 14 | C36: =C34 -> Gathy | D36: 1 | F36: 1 | K36: =K34+1 -> 14 | L36: =L34 -> Bashour | M36: 1
B37: =B35+1 -> 14 | C37: =C35 -> Mies | D37: 1 | K37: =K35+1 -> 14 | L37: =L35 -> Mullen | M37: 1 | O37: 1
B38: =B36+1 -> 15 | C38: =C36 -> Gathy | E38: 1 | K38: =K36+1 -> 15 | L38: =L36 -> Bashour | M38: 1
B39: =B37+1 -> 15 | C39: =C37 -> Mies | D39: 1 | K39: =K37+1 -> 15 | L39: =L37 -> Mullen | N39: 1
B40: =B38+1 -> 16 | C40: =C38 -> Gathy | D40: 1 | K40: =K38+1 -> 16 | L40: =L38 -> Bashour | M40: 1
B41: =B39+1 -> 16 | C41: =C39 -> Mies | D41: 1 | K41: =K39+1 -> 16 | L41: =L39 -> Mullen | M41: 1
B42: =B40+1 -> 17 | C42: =C40 -> Gathy | D42: 1 | K42: =K40+1 -> 17 | L42: =L40 -> Bashour | M42: 1
B43: =B41+1 -> 17 | C43: =C41 -> Mies | D43: 1 | K43: =K41+1 -> 17 | L43: =L41 -> Mullen | M43: 1
B44: =B42+1 -> 18 | C44: =C42 -> Gathy | D44: 1 | G44: 1 | K44: =K42+1 -> 18 | L44: =L42 -> Bashour | M44: 1
B45: =B43+1 -> 18 | C45: =C43 -> Mies | D45: 1 | K45: =K43+1 -> 18 | L45: =L43 -> Mullen | M45: 1
B46: =B44+1 -> 19 | C46: =C44 -> Gathy | D46: 1 | K46: =K44+1 -> 19 | L46: =L44 -> Bashour | M46: 1
B47: =B45+1 -> 19 | C47: =C45 -> Mies | D47: 1 | K47: =K45+1 -> 19 | L47: =L45 -> Mullen | M47: 1
B48: =B46+1 -> 20 | C48: =C46 -> Gathy | D48: 1 | K48: =K46+1 -> 20 | L48: =L46 -> Bashour | N48: 1
B49: =B47+1 -> 20 | C49: =C47 -> Mies | D49: 1 | K49: =K47+1 -> 20 | L49: =L47 -> Mullen | M49: 1
B50: =B48+1 -> 21 | C50: =C48 -> Gathy | D50: 1 | K50: =K48+1 -> 21 | L50: =L48 -> Bashour | M50: 1
B51: =B49+1 -> 21 | C51: =C49 -> Mies | E51: 1 | K51: =K49+1 -> 21 | L51: =L49 -> Mullen | M51: 1
B52: =B50+1 -> 22 | C52: =C50 -> Gathy | K52: =K50+1 -> 22 | L52: =L50 -> Bashour
B53: =B51+1 -> 22 | C53: =C51 -> Mies | K53: =K51+1 -> 22 | L53: =L51 -> Mullen
B54: =B52+1 -> 23 | C54: =C52 -> Gathy | K54: =K52+1 -> 23 | L54: =L52 -> Bashour
B55: =B53+1 -> 23 | C55: =C53 -> Mies | K55: =K53+1 -> 23 | L55: =L53 -> Mullen
B56: =B54+1 -> 24 | C56: =C54 -> Gathy | K56: =K54+1 -> 24 | L56: =L54 -> Bashour
B57: =B55+1 -> 24 | C57: =C55 -> Mies | K57: =K55+1 -> 24 | L57: =L55 -> Mullen
B58: =B56+1 -> 25 | C58: =C56 -> Gathy | K58: =K56+1 -> 25 | L58: =L56 -> Bashour
B59: =B57+1 -> 25 | C59: =C57 -> Mies | K59: =K57+1 -> 25 | L59: =L57 -> Mullen
B60: =B58+1 -> 26 | C60: =C58 -> Gathy | K60: =K58+1 -> 26 | L60: =L58 -> Bashour
B61: =B59+1 -> 26 | C61: =C59 -> Mies | K61: =K59+1 -> 26 | L61: =L59 -> Mullen
B62: =B60+1 -> 27 | C62: =C60 -> Gathy | K62: =K60+1 -> 27 | L62: =L60 -> Bashour
B63: =B61+1 -> 27 | C63: =C61 -> Mies | K63: =K61+1 -> 27 | L63: =L61 -> Mullen
... B69: =B67+1 -> 30 | C69: =C67 -> Mies | K69: =K67+1 -> 30 | L69: =L67 -> Mullen
B70: 31 | C70: =C68 -> Gathy | K70: 31 | L70: =L68 -> Bashour
B71: 31 | C71: =C69 -> Mies | K71: 31 | L71: =L69 -> Mullen
B72: 32 | C72: =C70 -> Gathy | K72: 32 | L72: =L70 -> Bashour
B73: 32 | C73: =C71 -> Mies | K73: 32 | L73: =L71 -> Mullen
B74: 33 | C74: =C72 -> Gathy | K74: 33 | L74: =L72 -> Bashour
B75: 33 | C75: =C73 -> Mies | K75: 33 | L75: =L73 -> Mullen
B76: 34 | C76: =C74 -> Gathy | K76: 34 | L76: =L74 -> Bashour
B77: 34 | C77: =C75 -> Mies | K77: 34 | L77: =L75 -> Mullen
B78: 35 | C78: =C76 -> Gathy | K78: 35 | L78: =L76 -> Bashour
B79: 35 | C79: =C77 -> Mies | K79: 35 | L79: =L77 -> Mullen
B80: 36 | C80: =C78 -> Gathy | K80: 36 | L80: =L78 -> Bashour
B81: 36 | C81: =C79 -> Mies | K81: 36 | L81: =L79 -> Mullen
... B89: 40 | C89: =C87 -> Mies | K89: 40 | L89: =L87 -> Mullen

Sheet Ex Football vs. Hispanics
B2: FINAL | D2: Miss | E2: Make | F2: Splash-Out | G2: Guy | H2: Tri | I2: Di | J2: Vom | M2: Miss | N2: Make | O2: Splash-Out | P2: Guy | Q2: Tri | R2: Di | S2: Vom
B3: Shooter 1: | C3: Vinny Drolet | D3: =SUMPRODUCT(D10:D90,MOD(ROW(D10:D90),2)=0) -> 9 | E3: =SUMPRODUCT(E10:E90,MOD(ROW(E10:E90),2)=0) -> 5 | F3: =SUMPRODUCT(F10:F90,MOD(ROW(F10:F90),2)=0) -> 1 | G3: =SUMPRODUCT(G10:G90,MOD(ROW(G10:G90),2)=0) -> 0 | H3: =SUMPRODUCT(H10:H90,MOD(ROW(H10:H90),2)=0) -> 0 | I3: =SUMPRODUCT(I10:I90,MOD(ROW(I10:I90),2)=0) -> 0 | J3: =SUMPRODUCT(J10:J90,MOD(ROW(J10:J90),2)=0) -> 0 | K3: Shooter 1: | L3: Mati Gandarias | M3: =SUMPRODUCT(M10:M90,MOD(ROW(M10:M90),2)=0) -> 7 | N3: =SUMPRODUCT(N10:N90,MOD(ROW(N10:N90),2)=0) -> 6 | O3: =SUMPRODUCT(O10:O90,MOD(ROW(O10:O90),2)=0) -> 0 | P3: =SUMPRODUCT(P10:P90,MOD(ROW(P10:P90),2)=0) -> 0 | Q3: =SUMPRODUCT(Q10:Q90,MOD(ROW(Q10:Q90),2)=0) -> 0 | R3: =SUMPRODUCT(R10:R90,MOD(ROW(R10:R90),2)=0) -> 0 | S3: =SUMPRODUCT(S10:S90,MOD(ROW(S10:S90),2)=0) -> 0
B4: Shooter 2: | C4: Brock Benton | D4: =SUMPRODUCT(D10:D90,MOD(ROW(D10:D90),2)) -> 11 | E4: =SUMPRODUCT(E10:E90,MOD(ROW(E10:E90),2)) -> 2 | F4: =SUMPRODUCT(F10:F90,MOD(ROW(F10:F90),2)) -> 2 | G4: =SUMPRODUCT(G10:G90,MOD(ROW(G10:G90),2)) -> 0 | H4: =SUMPRODUCT(H10:H90,MOD(ROW(H10:H90),2)) -> 0 | I4: =SUMPRODUCT(I10:I90,MOD(ROW(I10:I90),2)) -> 0 | J4: =SUMPRODUCT(J10:J90,MOD(ROW(J10:J90),2)) -> 0 | K4: Shooter 2: | L4: Takoa Cartwright | M4: =SUMPRODUCT(M10:M90,MOD(ROW(M10:M90),2)) -> 9 | N4: =SUMPRODUCT(N10:N90,MOD(ROW(N10:N90),2)) -> 4 | O4: =SUMPRODUCT(O10:O90,MOD(ROW(O10:O90),2)) -> 0 | P4: =SUMPRODUCT(P10:P90,MOD(ROW(P10:P90),2)) -> 0 | Q4: =SUMPRODUCT(Q10:Q90,MOD(ROW(Q10:Q90),2)) -> 0 | R4: =SUMPRODUCT(R10:R90,MOD(ROW(R10:R90),2)) -> 0 | S4: =SUMPRODUCT(S10:S90,MOD(ROW(S10:S90),2)) -> 0
C5: =IFERROR((C10 &" %"), "") -> Drolet % | D5: =IFERROR((E3/(E3+D3)),0) -> 0.35714286 | L5: =IFERROR((L10 &" %"), "") -> Gandarias % | M5: =IFERROR((N3/(N3+M3)),0) -> 0.46153846
C6: =IFERROR((C11 &" %"), "") -> Benton % | D6: =IFERROR((E4/(E4+D4)),0) -> 0.15384615 | L6: =IFERROR((L11 &" %"), "") -> Cartwright % | M6: =IFERROR((N4/(N4+M4)),0) -> 0.30769231
B8: Teams
B9: Shot | C9: Shooter | D9: Miss | E9: Make | F9: Splash-Out | G9: Guy | H9: Tri | I9: Di | J9: Vom | K9: Shot | L9: Shooter | M9: Miss | N9: Make | O9: Splash-Out | P9: Guy | Q9: Tri | R9: Di | S9: Vom
B10: 1 | C10: =IFERROR(__xludf.DUMMYFUNCTION("REGEXEXTRACT(C3, ""( .*)+"")")," Drolet") -> Drolet | E10: 1 | K10: 1 | L10: =IFERROR(__xludf.DUMMYFUNCTION("REGEXEXTRACT(L3, ""( .*)+"")")," Gandarias") -> Gandarias | M10: 1
B11: 1 | C11: =IFERROR(__xludf.DUMMYFUNCTION("REGEXEXTRACT(C4, ""( .*)+"")")," Benton") -> Benton | D11: 1 | K11: 1 | L11: =IFERROR(__xludf.DUMMYFUNCTION("REGEXEXTRACT(L4, ""( .*)+"")")," Cartwright") -> Cartwright | M11: 1
B12: =B10+1 -> 2 | C12: =C10 -> Drolet | D12: 1 | K12: =K10+1 -> 2 | L12: =L10 -> Gandarias | N12: 1
B13: =B11+1 -> 2 | C13: =C11 -> Benton | D13: 1 | K13: =K11+1 -> 2 | L13: =L11 -> Cartwright | M13: 1
B14: =B12+1 -> 3 | C14: =C12 -> Drolet | E14: 1 | K14: =K12+1 -> 3 | L14: =L12 -> Gandarias | N14: 1
B15: =B13+1 -> 3 | C15: =C13 -> Benton | D15: 1 | K15: =K13+1 -> 3 | L15: =L13 -> Cartwright | N15: 1
B16: =B14+1 -> 4 | C16: =C14 -> Drolet | D16: 1 | K16: =K14+1 -> 4 | L16: =L14 -> Gandarias | M16: 1
B17: =B15+1 -> 4 | C17: =C15 -> Benton | E17: 1 | K17: =K15+1 -> 4 | L17: =L15 -> Cartwright | N17: 1
B18: =B16+1 -> 5 | C18: =C16 -> Drolet | D18: 1 | K18: =K16+1 -> 5 | L18: =L16 -> Gandarias | M18: 1
B19: =B17+1 -> 5 | C19: =C17 -> Benton | D19: 1 | K19: =K17+1 -> 5 | L19: =L17 -> Cartwright | M19: 1
B20: =B18+1 -> 6 | C20: =C18 -> Drolet | D20: 1 | K20: =K18+1 -> 6 | L20: =L18 -> Gandarias | M20: 1
B21: =B19+1 -> 6 | C21: =C19 -> Benton | D21: 1 | F21: 1 | K21: =K19+1 -> 6 | L21: =L19 -> Cartwright | M21: 1
B22: =B20+1 -> 7 | C22: =C20 -> Drolet | D22: 1 | K22: =K20+1 -> 7 | L22: =L20 -> Gandarias | N22: 1
B23: =B21+1 -> 7 | C23: =C21 -> Benton | D23: 1 | K23: =K21+1 -> 7 | L23: =L21 -> Cartwright | M23: 1
B24: =B22+1 -> 8 | C24: =C22 -> Drolet | D24: 1 | F24: 1 | K24: =K22+1 -> 8 | L24: =L22 -> Gandarias | N24: 1
B25: =B23+1 -> 8 | C25: =C23 -> Benton | D25: 1 | K25: =K23+1 -> 8 | L25: =L23 -> Cartwright | N25: 1
B26: =B24+1 -> 9 | C26: =C24 -> Drolet | D26: 1 | K26: =K24+1 -> 9 | L26: =L24 -> Gandarias | N26: 1
B27: =B25+1 -> 9 | C27: =C25 -> Benton | D27: 1 | K27: =K25+1 -> 9 | L27: =L25 -> Cartwright | M27: 1
B28: =B26+1 -> 10 | C28: =C26 -> Drolet | E28: 1 | K28: =K26+1 -> 10 | L28: =L26 -> Gandarias | M28: 1
B29: =B27+1 -> 10 | C29: =C27 -> Benton | D29: 1 | K29: =K27+1 -> 10 | L29: =L27 -> Cartwright | M29: 1
B30: =B28+1 -> 11 | C30: =C28 -> Drolet | E30: 1 | K30: =K28+1 -> 11 | L30: =L28 -> Gandarias | M30: 1
B31: =B29+1 -> 11 | C31: =C29 -> Benton | E31: 1 | K31: =K29+1 -> 11 | L31: =L29 -> Cartwright | M31: 1
B32: =B30+1 -> 12 | C32: =C30 -> Drolet | D32: 1 | K32: =K30+1 -> 12 | L32: =L30 -> Gandarias | M32: 1
B33: =B31+1 -> 12 | C33: =C31 -> Benton | D33: 1 | K33: =K31+1 -> 12 | L33: =L31 -> Cartwright | M33: 1
B34: =B32+1 -> 13 | C34: =C32 -> Drolet | E34: 1 | K34: =K32+1 -> 13 | L34: =L32 -> Gandarias | N34: 1
B35: =B33+1 -> 13 | C35: =C33 -> Benton | D35: 1 | F35: 1 | K35: =K33+1 -> 13 | L35: =L33 -> Cartwright | N35: 1
B36: =B34+1 -> 14 | C36: =C34 -> Drolet | D36: 1 | K36: =K34+1 -> 14 | L36: =L34 -> Gandarias
B37: =B35+1 -> 14 | C37: =C35 -> Benton | K37: =K35+1 -> 14 | L37: =L35 -> Cartwright
B38: =B36+1 -> 15 | C38: =C36 -> Drolet | K38: =K36+1 -> 15 | L38: =L36 -> Gandarias
B39: =B37+1 -> 15 | C39: =C37 -> Benton | K39: =K37+1 -> 15 | L39: =L37 -> Cartwright
B40: =B38+1 -> 16 | C40: =C38 -> Drolet | K40: =K38+1 -> 16 | L40: =L38 -> Gandarias
B41: =B39+1 -> 16 | C41: =C39 -> Benton | K41: =K39+1 -> 16 | L41: =L39 -> Cartwright
B42: =B40+1 -> 17 | C42: =C40 -> Drolet | K42: =K40+1 -> 17 | L42: =L40 -> Gandarias
B43: =B41+1 -> 17 | C43: =C41 -> Benton | K43: =K41+1 -> 17 | L43: =L41 -> Cartwright
B44: =B42+1 -> 18 | C44: =C42 -> Drolet | K44: =K42+1 -> 18 | L44: =L42 -> Gandarias
B45: =B43+1 -> 18 | C45: =C43 -> Benton | K45: =K43+1 -> 18 | L45: =L43 -> Cartwright
B46: =B44+1 -> 19 | C46: =C44 -> Drolet | K46: =K44+1 -> 19 | L46: =L44 -> Gandarias
B47: =B45+1 -> 19 | C47: =C45 -> Benton | K47: =K45+1 -> 19 | L47: =L45 -> Cartwright
B48: =B46+1 -> 20 | C48: =C46 -> Drolet | K48: =K46+1 -> 20 | L48: =L46 -> Gandarias
... B69: =B67+1 -> 30 | C69: =C67 -> Benton | K69: =K67+1 -> 30 | L69: =L67 -> Cartwright
B70: 31 | C70: =C68 -> Drolet | K70: 31 | L70: =L68 -> Gandarias
B71: 31 | C71: =C69 -> Benton | K71: 31 | L71: =L69 -> Cartwright
B72: 32 | C72: =C70 -> Drolet | K72: 32 | L72: =L70 -> Gandarias
B73: 32 | C73: =C71 -> Benton | K73: 32 | L73: =L71 -> Cartwright
B74: 33 | C74: =C72 -> Drolet | K74: 33 | L74: =L72 -> Gandarias
B75: 33 | C75: =C73 -> Benton | K75: 33 | L75: =L73 -> Cartwright
B76: 34 | C76: =C74 -> Drolet | K76: 34 | L76: =L74 -> Gandarias
B77: 34 | C77: =C75 -> Benton | K77: 34 | L77: =L75 -> Cartwright
B78: 35 | C78: =C76 -> Drolet | K78: 35 | L78: =L76 -> Gandarias
B79: 35 | C79: =C77 -> Benton | K79: 35 | L79: =L77 -> Cartwright
B80: 36 | C80: =C78 -> Drolet | K80: 36 | L80: =L78 -> Gandarias
B81: 36 | C81: =C79 -> Benton | K81: 36 | L81: =L79 -> Cartwright
... B89: 40 | C89: =C87 -> Benton | K89: 40 | L89: =L87 -> Cartwright

Sheet BurtisRonny vs. ShuJP
B2: FINAL | D2: Miss | E2: Make | F2: Splash-Out | G2: Guy | H2: Tri | I2: Di | J2: Vom | M2: Miss | N2: Make | O2: Splash-Out | P2: Guy | Q2: Tri | R2: Di | S2: Vom
B3: Shooter 1: | C3: Jack Ronilo | D3: =SUMPRODUCT(D10:D90,MOD(ROW(D10:D90),2)=0) -> 13 | E3: =SUMPRODUCT(E10:E90,MOD(ROW(E10:E90),2)=0) -> 4 | F3: =SUMPRODUCT(F10:F90,MOD(ROW(F10:F90),2)=0) -> 1 | G3: =SUMPRODUCT(G10:G90,MOD(ROW(G10:G90),2)=0) -> 1 | H3: =SUMPRODUCT(H10:H90,MOD(ROW(H10:H90),2)=0) -> 0 | I3: =SUMPRODUCT(I10:I90,MOD(ROW(I10:I90),2)=0) -> 0 | J3: =SUMPRODUCT(J10:J90,MOD(ROW(J10:J90),2)=0) -> 0 | K3: Shooter 1: | L3: Ford Tate | M3: =SUMPRODUCT(M10:M90,MOD(ROW(M10:M90),2)=0) -> 14 | N3: =SUMPRODUCT(N10:N90,MOD(ROW(N10:N90),2)=0) -> 2 | O3: =SUMPRODUCT(O10:O90,MOD(ROW(O10:O90),2)=0) -> 0 | P3: =SUMPRODUCT(P10:P90,MOD(ROW(P10:P90),2)=0) -> 2 | Q3: =SUMPRODUCT(Q10:Q90,MOD(ROW(Q10:Q90),2)=0) -> 0 | R3: =SUMPRODUCT(R10:R90,MOD(ROW(R10:R90),2)=0) -> 0 | S3: =SUMPRODUCT(S10:S90,MOD(ROW(S10:S90),2)=0) -> 0
B4: Shooter 2: | C4: Ben Curtis | D4: =SUMPRODUCT(D10:D90,MOD(ROW(D10:D90),2)) -> 14 | E4: =SUMPRODUCT(E10:E90,MOD(ROW(E10:E90),2)) -> 3 | F4: =SUMPRODUCT(F10:F90,MOD(ROW(F10:F90),2)) -> 1 | G4: =SUMPRODUCT(G10:G90,MOD(ROW(G10:G90),2)) -> 2 | H4: =SUMPRODUCT(H10:H90,MOD(ROW(H10:H90),2)) -> 0 | I4: =SUMPRODUCT(I10:I90,MOD(ROW(I10:I90),2)) -> 0 | J4: =SUMPRODUCT(J10:J90,MOD(ROW(J10:J90),2)) -> 0 | K4: Shooter 2: | L4: Jaden Pearlmutter | M4: =SUMPRODUCT(M10:M90,MOD(ROW(M10:M90),2)) -> 7 | N4: =SUMPRODUCT(N10:N90,MOD(ROW(N10:N90),2)) -> 8 | O4: =SUMPRODUCT(O10:O90,MOD(ROW(O10:O90),2)) -> 0 | P4: =SUMPRODUCT(P10:P90,MOD(ROW(P10:P90),2)) -> 0 | Q4: =SUMPRODUCT(Q10:Q90,MOD(ROW(Q10:Q90),2)) -> 0 | R4: =SUMPRODUCT(R10:R90,MOD(ROW(R10:R90),2)) -> 0 | S4: =SUMPRODUCT(S10:S90,MOD(ROW(S10:S90),2)) -> 0
C5: =IFERROR((C10 &" %"), "") -> Ronilo % | D5: =IFERROR((E3/(E3+D3)),0) -> 0.23529412 | L5: =IFERROR((L10 &" %"), "") -> Tate % | M5: =IFERROR((N3/(N3+M3)),0) -> 0.125
C6: =IFERROR((C11 &" %"), "") -> Curtis % | D6: =IFERROR((E4/(E4+D4)),0) -> 0.17647059 | L6: =IFERROR((L11 &" %"), "") -> Pearlmutter % | M6: =IFERROR((N4/(N4+M4)),0) -> 0.53333333
B8: Teams
B9: Shot | C9: Shooter | D9: Miss | E9: Make | F9: Splash-Out | G9: Guy | H9: Tri | I9: Di | J9: Vom | K9: Shot | L9: Shooter | M9: Miss | N9: Make | O9: Splash-Out | P9: Guy | Q9: Tri | R9: Di | S9: Vom
B10: 1 | C10: =IFERROR(__xludf.DUMMYFUNCTION("REGEXEXTRACT(C3, ""( .*)+"")")," Ronilo") -> Ronilo | E10: 1 | K10: 1 | L10: =IFERROR(__xludf.DUMMYFUNCTION("REGEXEXTRACT(L3, ""( .*)+"")")," Tate") -> Tate | M10: 1
B11: 1 | C11: =IFERROR(__xludf.DUMMYFUNCTION("REGEXEXTRACT(C4, ""( .*)+"")")," Curtis") -> Curtis | D11: 1 | K11: 1 | L11: =IFERROR(__xludf.DUMMYFUNCTION("REGEXEXTRACT(L4, ""( .*)+"")")," Pearlmutter") -> Pearlmutter | N11: 1
B12: =B10+1 -> 2 | C12: =C10 -> Ronilo | D12: 1 | F12: 1 | K12: =K10+1 -> 2 | L12: =L10 -> Tate | M12: 1
B13: =B11+1 -> 2 | C13: =C11 -> Curtis | D13: 1 | K13: =K11+1 -> 2 | L13: =L11 -> Pearlmutter | N13: 1
B14: =B12+1 -> 3 | C14: =C12 -> Ronilo | D14: 1 | K14: =K12+1 -> 3 | L14: =L12 -> Tate | N14: 1
B15: =B13+1 -> 3 | C15: =C13 -> Curtis | D15: 1 | K15: =K13+1 -> 3 | L15: =L13 -> Pearlmutter | M15: 1
B16: =B14+1 -> 4 | C16: =C14 -> Ronilo | D16: 1 | K16: =K14+1 -> 4 | L16: =L14 -> Tate | M16: 1
B17: =B15+1 -> 4 | C17: =C15 -> Curtis | E17: 1 | K17: =K15+1 -> 4 | L17: =L15 -> Pearlmutter | N17: 1
B18: =B16+1 -> 5 | C18: =C16 -> Ronilo | D18: 1 | K18: =K16+1 -> 5 | L18: =L16 -> Tate | M18: 1
B19: =B17+1 -> 5 | C19: =C17 -> Curtis | D19: 1 | K19: =K17+1 -> 5 | L19: =L17 -> Pearlmutter | M19: 1
B20: =B18+1 -> 6 | C20: =C18 -> Ronilo | D20: 1 | G20: 1 | K20: =K18+1 -> 6 | L20: =L18 -> Tate | M20: 1
B21: =B19+1 -> 6 | C21: =C19 -> Curtis | E21: 1 | K21: =K19+1 -> 6 | L21: =L19 -> Pearlmutter | N21: 1
B22: =B20+1 -> 7 | C22: =C20 -> Ronilo | D22: 1 | K22: =K20+1 -> 7 | L22: =L20 -> Tate | M22: 1 | P22: 1
B23: =B21+1 -> 7 | C23: =C21 -> Curtis | D23: 1 | K23: =K21+1 -> 7 | L23: =L21 -> Pearlmutter | M23: 1
B24: =B22+1 -> 8 | C24: =C22 -> Ronilo | D24: 1 | K24: =K22+1 -> 8 | L24: =L22 -> Tate | M24: 1
B25: =B23+1 -> 8 | C25: =C23 -> Curtis | D25: 1 | F25: 1 | K25: =K23+1 -> 8 | L25: =L23 -> Pearlmutter | N25: 1
B26: =B24+1 -> 9 | C26: =C24 -> Ronilo | D26: 1 | K26: =K24+1 -> 9 | L26: =L24 -> Tate | M26: 1 | P26: 1
B27: =B25+1 -> 9 | C27: =C25 -> Curtis | D27: 1 | K27: =K25+1 -> 9 | L27: =L25 -> Pearlmutter | M27: 1
B28: =B26+1 -> 10 | C28: =C26 -> Ronilo | D28: 1 | K28: =K26+1 -> 10 | L28: =L26 -> Tate | M28: 1
B29: =B27+1 -> 10 | C29: =C27 -> Curtis | D29: 1 | G29: 1 | K29: =K27+1 -> 10 | L29: =L27 -> Pearlmutter | N29: 1
B30: =B28+1 -> 11 | C30: =C28 -> Ronilo | E30: 1 | K30: =K28+1 -> 11 | L30: =L28 -> Tate | M30: 1
B31: =B29+1 -> 11 | C31: =C29 -> Curtis | D31: 1 | K31: =K29+1 -> 11 | L31: =L29 -> Pearlmutter | N31: 1
B32: =B30+1 -> 12 | C32: =C30 -> Ronilo | D32: 1 | K32: =K30+1 -> 12 | L32: =L30 -> Tate | M32: 1
B33: =B31+1 -> 12 | C33: =C31 -> Curtis | D33: 1 | K33: =K31+1 -> 12 | L33: =L31 -> Pearlmutter | N33: 1
B34: =B32+1 -> 13 | C34: =C32 -> Ronilo | E34: 1 | K34: =K32+1 -> 13 | L34: =L32 -> Tate | M34: 1
B35: =B33+1 -> 13 | C35: =C33 -> Curtis | D35: 1 | G35: 1 | K35: =K33+1 -> 13 | L35: =L33 -> Pearlmutter | M35: 1
B36: =B34+1 -> 14 | C36: =C34 -> Ronilo | E36: 1 | K36: =K34+1 -> 14 | L36: =L34 -> Tate | M36: 1
B37: =B35+1 -> 14 | C37: =C35 -> Curtis | D37: 1 | K37: =K35+1 -> 14 | L37: =L35 -> Pearlmutter | M37: 1
B38: =B36+1 -> 15 | C38: =C36 -> Ronilo | D38: 1 | K38: =K36+1 -> 15 | L38: =L36 -> Tate | M38: 1
B39: =B37+1 -> 15 | C39: =C37 -> Curtis | E39: 1 | K39: =K37+1 -> 15 | L39: =L37 -> Pearlmutter | M39: 1
B40: =B38+1 -> 16 | C40: =C38 -> Ronilo | D40: 1 | K40: =K38+1 -> 16 | L40: =L38 -> Tate | N40: 1
B41: =B39+1 -> 16 | C41: =C39 -> Curtis | D41: 1 | K41: =K39+1 -> 16 | L41: =L39 -> Pearlmutter
B42: =B40+1 -> 17 | C42: =C40 -> Ronilo | D42: 1 | K42: =K40+1 -> 17 | L42: =L40 -> Tate
B43: =B41+1 -> 17 | C43: =C41 -> Curtis | D43: 1 | K43: =K41+1 -> 17 | L43: =L41 -> Pearlmutter
B44: =B42+1 -> 18 | C44: =C42 -> Ronilo | K44: =K42+1 -> 18 | L44: =L42 -> Tate
B45: =B43+1 -> 18 | C45: =C43 -> Curtis | K45: =K43+1 -> 18 | L45: =L43 -> Pearlmutter
B46: =B44+1 -> 19 | C46: =C44 -> Ronilo | K46: =K44+1 -> 19 | L46: =L44 -> Tate
B47: =B45+1 -> 19 | C47: =C45 -> Curtis | K47: =K45+1 -> 19 | L47: =L45 -> Pearlmutter
B48: =B46+1 -> 20 | C48: =C46 -> Ronilo | K48: =K46+1 -> 20 | L48: =L46 -> Tate
B49: =B47+1 -> 20 | C49: =C47 -> Curtis | K49: =K47+1 -> 20 | L49: =L47 -> Pearlmutter
B50: =B48+1 -> 21 | C50: =C48 -> Ronilo | K50: =K48+1 -> 21 | L50: =L48 -> Tate
B51: =B49+1 -> 21 | C51: =C49 -> Curtis | K51: =K49+1 -> 21 | L51: =L49 -> Pearlmutter
B52: =B50+1 -> 22 | C52: =C50 -> Ronilo | K52: =K50+1 -> 22 | L52: =L50 -> Tate
B53: =B51+1 -> 22 | C53: =C51 -> Curtis | K53: =K51+1 -> 22 | L53: =L51 -> Pearlmutter
B54: =B52+1 -> 23 | C54: =C52 -> Ronilo | K54: =K52+1 -> 23 | L54: =L52 -> Tate
B55: =B53+1 -> 23 | C55: =C53 -> Curtis | K55: =K53+1 -> 23 | L55: =L53 -> Pearlmutter
... B69: =B67+1 -> 30 | C69: =C67 -> Curtis | K69: =K67+1 -> 30 | L69: =L67 -> Pearlmutter
B70: 31 | C70: =C68 -> Ronilo | K70: 31 | L70: =L68 -> Tate
B71: 31 | C71: =C69 -> Curtis | K71: 31 | L71: =L69 -> Pearlmutter
B72: 32 | C72: =C70 -> Ronilo | K72: 32 | L72: =L70 -> Tate
B73: 32 | C73: =C71 -> Curtis | K73: 32 | L73: =L71 -> Pearlmutter
B74: 33 | C74: =C72 -> Ronilo | K74: 33 | L74: =L72 -> Tate
B75: 33 | C75: =C73 -> Curtis | K75: 33 | L75: =L73 -> Pearlmutter
B76: 34 | C76: =C74 -> Ronilo | K76: 34 | L76: =L74 -> Tate
B77: 34 | C77: =C75 -> Curtis | K77: 34 | L77: =L75 -> Pearlmutter
B78: 35 | C78: =C76 -> Ronilo | K78: 35 | L78: =L76 -> Tate
B79: 35 | C79: =C77 -> Curtis | K79: 35 | L79: =L77 -> Pearlmutter
B80: 36 | C80: =C78 -> Ronilo | K80: 36 | L80: =L78 -> Tate
B81: 36 | C81: =C79 -> Curtis | K81: 36 | L81: =L79 -> Pearlmutter
... B89: 40 | C89: =C87 -> Curtis | K89: 40 | L89: =L87 -> Pearlmutter

Sheet SarchChuddee vs. HeathBrando
B2: FINAL | D2: Miss | E2: Make | F2: Splash-Out | G2: Guy | H2: Tri | I2: Di | J2: Vom | M2: Miss | N2: Make | O2: Splash-Out | P2: Guy | Q2: Tri | R2: Di | S2: Vom
B3: Shooter 1: | C3: Heath Lawry | D3: =SUMPRODUCT(D10:D90,MOD(ROW(D10:D90),2)=0) -> 9 | E3: =SUMPRODUCT(E10:E90,MOD(ROW(E10:E90),2)=0) -> 5 | F3: =SUMPRODUCT(F10:F90,MOD(ROW(F10:F90),2)=0) -> 1 | G3: =SUMPRODUCT(G10:G90,MOD(ROW(G10:G90),2)=0) -> 0 | H3: =SUMPRODUCT(H10:H90,MOD(ROW(H10:H90),2)=0) -> 0 | I3: =SUMPRODUCT(I10:I90,MOD(ROW(I10:I90),2)=0) -> 0 | J3: =SUMPRODUCT(J10:J90,MOD(ROW(J10:J90),2)=0) -> 0 | K3: Shooter 1: | L3: Evan Sarchio | M3: =SUMPRODUCT(M10:M90,MOD(ROW(M10:M90),2)=0) -> 10 | N3: =SUMPRODUCT(N10:N90,MOD(ROW(N10:N90),2)=0) -> 4 | O3: =SUMPRODUCT(O10:O90,MOD(ROW(O10:O90),2)=0) -> 1 | P3: =SUMPRODUCT(P10:P90,MOD(ROW(P10:P90),2)=0) -> 1 | Q3: =SUMPRODUCT(Q10:Q90,MOD(ROW(Q10:Q90),2)=0) -> 0 | R3: =SUMPRODUCT(R10:R90,MOD(ROW(R10:R90),2)=0) -> 0 | S3: =SUMPRODUCT(S10:S90,MOD(ROW(S10:S90),2)=0) -> 0
B4: Shooter 2: | C4: Luke Brandon | D4: =SUMPRODUCT(D10:D90,MOD(ROW(D10:D90),2)) -> 9 | E4: =SUMPRODUCT(E10:E90,MOD(ROW(E10:E90),2)) -> 5 | F4: =SUMPRODUCT(F10:F90,MOD(ROW(F10:F90),2)) -> 1 | G4: =SUMPRODUCT(G10:G90,MOD(ROW(G10:G90),2)) -> 0 | H4: =SUMPRODUCT(H10:H90,MOD(ROW(H10:H90),2)) -> 0 | I4: =SUMPRODUCT(I10:I90,MOD(ROW(I10:I90),2)) -> 0 | J4: =SUMPRODUCT(J10:J90,MOD(ROW(J10:J90),2)) -> 0 | K4: Shooter 2: | L4: Charlie Truesdale | M4: =SUMPRODUCT(M10:M90,MOD(ROW(M10:M90),2)) -> 9 | N4: =SUMPRODUCT(N10:N90,MOD(ROW(N10:N90),2)) -> 5 | O4: =SUMPRODUCT(O10:O90,MOD(ROW(O10:O90),2)) -> 0 | P4: =SUMPRODUCT(P10:P90,MOD(ROW(P10:P90),2)) -> 0 | Q4: =SUMPRODUCT(Q10:Q90,MOD(ROW(Q10:Q90),2)) -> 0 | R4: =SUMPRODUCT(R10:R90,MOD(ROW(R10:R90),2)) -> 0 | S4: =SUMPRODUCT(S10:S90,MOD(ROW(S10:S90),2)) -> 0
C5: =IFERROR((C10 &" %"), "") -> Lawry % | D5: =IFERROR((E3/(E3+D3)),0) -> 0.35714286 | L5: =IFERROR((L10 &" %"), "") -> Sarchio % | M5: =IFERROR((N3/(N3+M3)),0) -> 0.28571429
C6: =IFERROR((C11 &" %"), "") -> Brandon % | D6: =IFERROR((E4/(E4+D4)),0) -> 0.35714286 | L6: =IFERROR((L11 &" %"), "") -> Truesdale % | M6: =IFERROR((N4/(N4+M4)),0) -> 0.35714286
B8: Teams
B9: Shot | C9: Shooter | D9: Miss | E9: Make | F9: Splash-Out | G9: Guy | H9: Tri | I9: Di | J9: Vom | K9: Shot | L9: Shooter | M9: Miss | N9: Make | O9: Splash-Out | P9: Guy | Q9: Tri | R9: Di | S9: Vom
B10: 1 | C10: =IFERROR(__xludf.DUMMYFUNCTION("REGEXEXTRACT(C3, ""( .*)+"")")," Lawry") -> Lawry | D10: 1 | K10: 1 | L10: =IFERROR(__xludf.DUMMYFUNCTION("REGEXEXTRACT(L3, ""( .*)+"")")," Sarchio") -> Sarchio | N10: 1
B11: 1 | C11: =IFERROR(__xludf.DUMMYFUNCTION("REGEXEXTRACT(C4, ""( .*)+"")")," Brandon") -> Brandon | D11: 1 | K11: 1 | L11: =IFERROR(__xludf.DUMMYFUNCTION("REGEXEXTRACT(L4, ""( .*)+"")")," Truesdale") -> Truesdale | M11: 1
B12: =B10+1 -> 2 | C12: =C10 -> Lawry | E12: 1 | K12: =K10+1 -> 2 | L12: =L10 -> Sarchio | M12: 1
B13: =B11+1 -> 2 | C13: =C11 -> Brandon | E13: 1 | K13: =K11+1 -> 2 | L13: =L11 -> Truesdale | N13: 1
B14: =B12+1 -> 3 | C14: =C12 -> Lawry | E14: 1 | K14: =K12+1 -> 3 | L14: =L12 -> Sarchio | M14: 1
B15: =B13+1 -> 3 | C15: =C13 -> Brandon | D15: 1 | K15: =K13+1 -> 3 | L15: =L13 -> Truesdale | M15: 1
B16: =B14+1 -> 4 | C16: =C14 -> Lawry | E16: 1 | K16: =K14+1 -> 4 | L16: =L14 -> Sarchio | M16: 1
B17: =B15+1 -> 4 | C17: =C15 -> Brandon | D17: 1 | K17: =K15+1 -> 4 | L17: =L15 -> Truesdale | M17: 1
B18: =B16+1 -> 5 | C18: =C16 -> Lawry | D18: 1 | F18: 1 | K18: =K16+1 -> 5 | L18: =L16 -> Sarchio | N18: 1
B19: =B17+1 -> 5 | C19: =C17 -> Brandon | D19: 1 | K19: =K17+1 -> 5 | L19: =L17 -> Truesdale | M19: 1
B20: =B18+1 -> 6 | C20: =C18 -> Lawry | D20: 1 | K20: =K18+1 -> 6 | L20: =L18 -> Sarchio | M20: 1
B21: =B19+1 -> 6 | C21: =C19 -> Brandon | E21: 1 | K21: =K19+1 -> 6 | L21: =L19 -> Truesdale | N21: 1
B22: =B20+1 -> 7 | C22: =C20 -> Lawry | D22: 1 | K22: =K20+1 -> 7 | L22: =L20 -> Sarchio | N22: 1
B23: =B21+1 -> 7 | C23: =C21 -> Brandon | E23: 1 | K23: =K21+1 -> 7 | L23: =L21 -> Truesdale | N23: 1
B24: =B22+1 -> 8 | C24: =C22 -> Lawry | D24: 1 | K24: =K22+1 -> 8 | L24: =L22 -> Sarchio | M24: 1
B25: =B23+1 -> 8 | C25: =C23 -> Brandon | D25: 1 | K25: =K23+1 -> 8 | L25: =L23 -> Truesdale | M25: 1
B26: =B24+1 -> 9 | C26: =C24 -> Lawry | D26: 1 | K26: =K24+1 -> 9 | L26: =L24 -> Sarchio | M26: 1
B27: =B25+1 -> 9 | C27: =C25 -> Brandon | D27: 1 | K27: =K25+1 -> 9 | L27: =L25 -> Truesdale | N27: 1
B28: =B26+1 -> 10 | C28: =C26 -> Lawry | D28: 1 | K28: =K26+1 -> 10 | L28: =L26 -> Sarchio | M28: 1 | P28: 1
B29: =B27+1 -> 10 | C29: =C27 -> Brandon | D29: 1 | K29: =K27+1 -> 10 | L29: =L27 -> Truesdale | N29: 1
B30: =B28+1 -> 11 | C30: =C28 -> Lawry | D30: 1 | K30: =K28+1 -> 11 | L30: =L28 -> Sarchio | M30: 1
B31: =B29+1 -> 11 | C31: =C29 -> Brandon | D31: 1 | F31: 1 | K31: =K29+1 -> 11 | L31: =L29 -> Truesdale | M31: 1
B32: =B30+1 -> 12 | C32: =C30 -> Lawry | E32: 1 | K32: =K30+1 -> 12 | L32: =L30 -> Sarchio | N32: 1
B33: =B31+1 -> 12 | C33: =C31 -> Brandon | D33: 1 | K33: =K31+1 -> 12 | L33: =L31 -> Truesdale | M33: 1
B34: =B32+1 -> 13 | C34: =C32 -> Lawry | D34: 1 | K34: =K32+1 -> 13 | L34: =L32 -> Sarchio | M34: 1
B35: =B33+1 -> 13 | C35: =C33 -> Brandon | E35: 1 | K35: =K33+1 -> 13 | L35: =L33 -> Truesdale | M35: 1
B36: =B34+1 -> 14 | C36: =C34 -> Lawry | E36: 1 | K36: =K34+1 -> 14 | L36: =L34 -> Sarchio | M36: 1 | O36: 1
B37: =B35+1 -> 14 | C37: =C35 -> Brandon | E37: 1 | K37: =K35+1 -> 14 | L37: =L35 -> Truesdale | M37: 1
B38: =B36+1 -> 15 | C38: =C36 -> Lawry | K38: =K36+1 -> 15 | L38: =L36 -> Sarchio
B39: =B37+1 -> 15 | C39: =C37 -> Brandon | K39: =K37+1 -> 15 | L39: =L37 -> Truesdale
B40: =B38+1 -> 16 | C40: =C38 -> Lawry | K40: =K38+1 -> 16 | L40: =L38 -> Sarchio
B41: =B39+1 -> 16 | C41: =C39 -> Brandon | K41: =K39+1 -> 16 | L41: =L39 -> Truesdale
B42: =B40+1 -> 17 | C42: =C40 -> Lawry | K42: =K40+1 -> 17 | L42: =L40 -> Sarchio
B43: =B41+1 -> 17 | C43: =C41 -> Brandon | K43: =K41+1 -> 17 | L43: =L41 -> Truesdale
B44: =B42+1 -> 18 | C44: =C42 -> Lawry | K44: =K42+1 -> 18 | L44: =L42 -> Sarchio
B45: =B43+1 -> 18 | C45: =C43 -> Brandon | K45: =K43+1 -> 18 | L45: =L43 -> Truesdale
B46: =B44+1 -> 19 | C46: =C44 -> Lawry | K46: =K44+1 -> 19 | L46: =L44 -> Sarchio
B47: =B45+1 -> 19 | C47: =C45 -> Brandon | K47: =K45+1 -> 19 | L47: =L45 -> Truesdale
B48: =B46+1 -> 20 | C48: =C46 -> Lawry | K48: =K46+1 -> 20 | L48: =L46 -> Sarchio
B49: =B47+1 -> 20 | C49: =C47 -> Brandon | K49: =K47+1 -> 20 | L49: =L47 -> Truesdale
... B69: =B67+1 -> 30 | C69: =C67 -> Brandon | K69: =K67+1 -> 30 | L69: =L67 -> Truesdale
B70: 31 | C70: =C68 -> Lawry | K70: 31 | L70: =L68 -> Sarchio
B71: 31 | C71: =C69 -> Brandon | K71: 31 | L71: =L69 -> Truesdale
B72: 32 | C72: =C70 -> Lawry | K72: 32 | L72: =L70 -> Sarchio
B73: 32 | C73: =C71 -> Brandon | K73: 32 | L73: =L71 -> Truesdale
B74: 33 | C74: =C72 -> Lawry | K74: 33 | L74: =L72 -> Sarchio
B75: 33 | C75: =C73 -> Brandon | K75: 33 | L75: =L73 -> Truesdale
B76: 34 | C76: =C74 -> Lawry | K76: 34 | L76: =L74 -> Sarchio
B77: 34 | C77: =C75 -> Brandon | K77: 34 | L77: =L75 -> Truesdale
B78: 35 | C78: =C76 -> Lawry | K78: 35 | L78: =L76 -> Sarchio
B79: 35 | C79: =C77 -> Brandon | K79: 35 | L79: =L77 -> Truesdale
B80: 36 | C80: =C78 -> Lawry | K80: 36 | L80: =L78 -> Sarchio
B81: 36 | C81: =C79 -> Brandon | K81: 36 | L81: =L79 -> Truesdale
... B89: 40 | C89: =C87 -> Brandon | K89: 40 | L89: =L87 -> Truesdale

Sheet Heath + Brando vs. King + Cred
B2: FINAL | D2: Miss | E2: Make | F2: Splash-Out | G2: Guy | H2: Tri | I2: Di | J2: Vom | M2: Miss | N2: Make | O2: Splash-Out | P2: Guy | Q2: Tri | R2: Di | S2: Vom
C3: Charlie King | D3: =SUMPRODUCT(D10:D90,MOD(ROW(D10:D90),2)=0) -> 8 | E3: =SUMPRODUCT(E10:E90,MOD(ROW(E10:E90),2)=0) -> 4 | F3: =SUMPRODUCT(F10:F90,MOD(ROW(F10:F90),2)=0) -> 0 | G3: =SUMPRODUCT(G10:G90,MOD(ROW(G10:G90),2)=0) -> 0 | H3: =SUMPRODUCT(H10:H90,MOD(ROW(H10:H90),2)=0) -> 0 | I3: =SUMPRODUCT(I10:I90,MOD(ROW(I10:I90),2)=0) -> 0 | J3: =SUMPRODUCT(J10:J90,MOD(ROW(J10:J90),2)=0) -> 0 | L3: Luke Brandon | M3: =SUMPRODUCT(M10:M90,MOD(ROW(M10:M90),2)=0) -> 5 | N3: =SUMPRODUCT(N10:N90,MOD(ROW(N10:N90),2)=0) -> 4 | O3: =SUMPRODUCT(O10:O90,MOD(ROW(O10:O90),2)=0) -> 0 | P3: =SUMPRODUCT(P10:P90,MOD(ROW(P10:P90),2)=0) -> 1 | Q3: =SUMPRODUCT(Q10:Q90,MOD(ROW(Q10:Q90),2)=0) -> 0 | R3: =SUMPRODUCT(R10:R90,MOD(ROW(R10:R90),2)=0) -> 0 | S3: =SUMPRODUCT(S10:S90,MOD(ROW(S10:S90),2)=0) -> 0
C4: Max Creditor | D4: =SUMPRODUCT(D10:D90,MOD(ROW(D10:D90),2)) -> 5 | E4: =SUMPRODUCT(E10:E90,MOD(ROW(E10:E90),2)) -> 3 | F4: =SUMPRODUCT(F10:F90,MOD(ROW(F10:F90),2)) -> 1 | G4: =SUMPRODUCT(G10:G90,MOD(ROW(G10:G90),2)) -> 1 | H4: =SUMPRODUCT(H10:H90,MOD(ROW(H10:H90),2)) -> 0 | I4: =SUMPRODUCT(I10:I90,MOD(ROW(I10:I90),2)) -> 0 | J4: =SUMPRODUCT(J10:J90,MOD(ROW(J10:J90),2)) -> 1 | L4: Heath Lawry | M4: =SUMPRODUCT(M10:M90,MOD(ROW(M10:M90),2)) -> 6 | N4: =SUMPRODUCT(N10:N90,MOD(ROW(N10:N90),2)) -> 3 | O4: =SUMPRODUCT(O10:O90,MOD(ROW(O10:O90),2)) -> 1 | P4: =SUMPRODUCT(P10:P90,MOD(ROW(P10:P90),2)) -> 0 | Q4: =SUMPRODUCT(Q10:Q90,MOD(ROW(Q10:Q90),2)) -> 1 | R4: =SUMPRODUCT(R10:R90,MOD(ROW(R10:R90),2)) -> 0 | S4: =SUMPRODUCT(S10:S90,MOD(ROW(S10:S90),2)) -> 0
C5: =IFERROR((C10 &" %"), "") -> King % | D5: =IFERROR((E3/(E3+D3)),0) -> 0.33333333 | L5: =IFERROR((L10 &" %"), "") -> Brandon % | M5: =IFERROR((N3/(N3+M3)),0) -> 0.44444444
C6: =IFERROR((C11 &" %"), "") -> Creditor % | D6: =IFERROR((E4/(E4+D4)),0) -> 0.375 | L6: =IFERROR((L11 &" %"), "") -> Lawry % | M6: =IFERROR((N4/(N4+M4)),0) -> 0.33333333
B8: Teams
B9: Shot | C9: Shooter | D9: Miss | E9: Make | F9: Splash-Out | G9: Guy | H9: Tri | I9: Di | J9: Vom | K9: Shot | L9: Shooter | M9: Miss | N9: Make | O9: Splash-Out | P9: Guy | Q9: Tri | R9: Di | S9: Vom
B10: 1 | C10: =IFERROR(__xludf.DUMMYFUNCTION("REGEXEXTRACT(C3, ""( .*)+"")")," King") -> King | D10: 1 | K10: 1 | L10: =IFERROR(__xludf.DUMMYFUNCTION("REGEXEXTRACT(L3, ""( .*)+"")")," Brandon") -> Brandon | M10: 1
B11: 1 | C11: =IFERROR(__xludf.DUMMYFUNCTION("REGEXEXTRACT(C4, ""( .*)+"")")," Creditor") -> Creditor | D11: 1 | F11: 1 | K11: 1 | L11: =IFERROR(__xludf.DUMMYFUNCTION("REGEXEXTRACT(L4, ""( .*)+"")")," Lawry") -> Lawry | M11: 1
B12: =B10+1 -> 2 | C12: =C10 -> King | D12: 1 | K12: =K10+1 -> 2 | L12: =L10 -> Brandon | M12: 1
B13: =B11+1 -> 2 | C13: =C11 -> Creditor | E13: 1 | K13: =K11+1 -> 2 | L13: =L11 -> Lawry | M13: 1
B14: =B12+1 -> 3 | C14: =C12 -> King | D14: 1 | K14: =K12+1 -> 3 | L14: =L12 -> Brandon | N14: 1
B15: =B13+1 -> 3 | C15: =C13 -> Creditor | D15: 1 | K15: =K13+1 -> 3 | L15: =L13 -> Lawry | M15: 1
B16: =B14+1 -> 4 | C16: =C14 -> King | D16: 1 | K16: =K14+1 -> 4 | L16: =L14 -> Brandon | N16: 1
B17: =B15+1 -> 4 | C17: =C15 -> Creditor | E17: 1 | K17: =K15+1 -> 4 | L17: =L15 -> Lawry | M17: 1 | Q17: 1
B18: =B16+1 -> 5 | C18: =C16 -> King | D18: 1 | K18: =K16+1 -> 5 | L18: =L16 -> Brandon | N18: 1
B19: =B17+1 -> 5 | C19: =C17 -> Creditor | D19: 1 | K19: =K17+1 -> 5 | L19: =L17 -> Lawry | M19: 1 | O19: 1
B20: =B18+1 -> 6 | C20: =C18 -> King | D20: 1 | K20: =K18+1 -> 6 | L20: =L18 -> Brandon | N20: 1
B21: =B19+1 -> 6 | C21: =C19 -> Creditor | E21: 1 | K21: =K19+1 -> 6 | L21: =L19 -> Lawry | N21: 1
B22: =B20+1 -> 7 | C22: =C20 -> King | D22: 1 | K22: =K20+1 -> 7 | L22: =L20 -> Brandon | M22: 1
B23: =B21+1 -> 7 | C23: =C21 -> Creditor | J23: 1 | K23: =K21+1 -> 7 | L23: =L21 -> Lawry | N23: 1
B24: =B22+1 -> 8 | C24: =C22 -> King | E24: 1 | K24: =K22+1 -> 8 | L24: =L22 -> Brandon | M24: 1 | P24: 1
B25: =B23+1 -> 8 | C25: =C23 -> Creditor | D25: 1 | K25: =K23+1 -> 8 | L25: =L23 -> Lawry | M25: 1
B26: =B24+1 -> 9 | C26: =C24 -> King | E26: 1 | K26: =K24+1 -> 9 | L26: =L24 -> Brandon | M26: 1
B27: =B25+1 -> 9 | C27: =C25 -> Creditor | D27: 1 | G27: 1 | K27: =K25+1 -> 9 | L27: =L25 -> Lawry | N27: 1
B28: =B26+1 -> 10 | C28: =C26 -> King | E28: 1 | K28: =K26+1 -> 10 | L28: =L26 -> Brandon
B29: =B27+1 -> 10 | C29: =C27 -> Creditor | K29: =K27+1 -> 10 | L29: =L27 -> Lawry
B30: =B28+1 -> 11 | C30: =C28 -> King | E30: 1 | K30: =K28+1 -> 11 | L30: =L28 -> Brandon
B31: =B29+1 -> 11 | C31: =C29 -> Creditor | K31: =K29+1 -> 11 | L31: =L29 -> Lawry
B32: =B30+1 -> 12 | C32: =C30 -> King | D32: 1 | K32: =K30+1 -> 12 | L32: =L30 -> Brandon
B33: =B31+1 -> 12 | C33: =C31 -> Creditor | K33: =K31+1 -> 12 | L33: =L31 -> Lawry
B34: =B32+1 -> 13 | C34: =C32 -> King | K34: =K32+1 -> 13 | L34: =L32 -> Brandon
B35: =B33+1 -> 13 | C35: =C33 -> Creditor | K35: =K33+1 -> 13 | L35: =L33 -> Lawry
B36: =B34+1 -> 14 | C36: =C34 -> King | K36: =K34+1 -> 14 | L36: =L34 -> Brandon
B37: =B35+1 -> 14 | C37: =C35 -> Creditor | K37: =K35+1 -> 14 | L37: =L35 -> Lawry
B38: =B36+1 -> 15 | C38: =C36 -> King | K38: =K36+1 -> 15 | L38: =L36 -> Brandon
B39: =B37+1 -> 15 | C39: =C37 -> Creditor | K39: =K37+1 -> 15 | L39: =L37 -> Lawry
B40: =B38+1 -> 16 | C40: =C38 -> King | K40: =K38+1 -> 16 | L40: =L38 -> Brandon
B41: =B39+1 -> 16 | C41: =C39 -> Creditor | K41: =K39+1 -> 16 | L41: =L39 -> Lawry
B42: =B40+1 -> 17 | C42: =C40 -> King | K42: =K40+1 -> 17 | L42: =L40 -> Brandon
B43: =B41+1 -> 17 | C43: =C41 -> Creditor | K43: =K41+1 -> 17 | L43: =L41 -> Lawry
B44: =B42+1 -> 18 | C44: =C42 -> King | K44: =K42+1 -> 18 | L44: =L42 -> Brandon
... B69: =B67+1 -> 30 | C69: =C67 -> Creditor | K69: =K67+1 -> 30 | L69: =L67 -> Lawry
B70: 31 | C70: =C68 -> King | K70: 31 | L70: =L68 -> Brandon
B71: 31 | C71: =C69 -> Creditor | K71: 31 | L71: =L69 -> Lawry
B72: 32 | C72: =C70 -> King | K72: 32 | L72: =L70 -> Brandon
B73: 32 | C73: =C71 -> Creditor | K73: 32 | L73: =L71 -> Lawry
B74: 33 | C74: =C72 -> King | K74: 33 | L74: =L72 -> Brandon
B75: 33 | C75: =C73 -> Creditor | K75: 33 | L75: =L73 -> Lawry
B76: 34 | C76: =C74 -> King | K76: 34 | L76: =L74 -> Brandon
B77: 34 | C77: =C75 -> Creditor | K77: 34 | L77: =L75 -> Lawry
B78: 35 | C78: =C76 -> King | K78: 35 | L78: =L76 -> Brandon
B79: 35 | C79: =C77 -> Creditor | K79: 35 | L79: =L77 -> Lawry
B80: 36 | C80: =C78 -> King | K80: 36 | L80: =L78 -> Brandon
B81: 36 | C81: =C79 -> Creditor | K81: 36 | L81: =L79 -> Lawry
... B89: 40 | C89: =C87 -> Creditor | K89: 40 | L89: =L87 -> Lawry

Sheet KidGlizz vs MatianSchre
B2: FINAL | D2: Miss | E2: Make | F2: Splash-Out | G2: Guy | H2: Tri | I2: Di | J2: Vom | M2: Miss | N2: Make | O2: Splash-Out | P2: Guy | Q2: Tri | R2: Di | S2: Vom
B3: Shooter 1: | C3: Matt Schreder | D3: =SUMPRODUCT(D10:D90,MOD(ROW(D10:D90),2)=0) -> 12 | E3: =SUMPRODUCT(E10:E90,MOD(ROW(E10:E90),2)=0) -> 5 | F3: =SUMPRODUCT(F10:F90,MOD(ROW(F10:F90),2)=0) -> 1 | G3: =SUMPRODUCT(G10:G90,MOD(ROW(G10:G90),2)=0) -> 1 | H3: =SUMPRODUCT(H10:H90,MOD(ROW(H10:H90),2)=0) -> 0 | I3: =SUMPRODUCT(I10:I90,MOD(ROW(I10:I90),2)=0) -> 0 | J3: =SUMPRODUCT(J10:J90,MOD(ROW(J10:J90),2)=0) -> 0 | K3: Shooter 1: | L3: AJ Cashman | M3: =SUMPRODUCT(M10:M90,MOD(ROW(M10:M90),2)=0) -> 14 | N3: =SUMPRODUCT(N10:N90,MOD(ROW(N10:N90),2)=0) -> 3 | O3: =SUMPRODUCT(O10:O90,MOD(ROW(O10:O90),2)=0) -> 1 | P3: =SUMPRODUCT(P10:P90,MOD(ROW(P10:P90),2)=0) -> 1 | Q3: =SUMPRODUCT(Q10:Q90,MOD(ROW(Q10:Q90),2)=0) -> 0 | R3: =SUMPRODUCT(R10:R90,MOD(ROW(R10:R90),2)=0) -> 0 | S3: =SUMPRODUCT(S10:S90,MOD(ROW(S10:S90),2)=0) -> 0
B4: Shooter 2: | C4: Dylan and Matian | D4: =SUMPRODUCT(D10:D90,MOD(ROW(D10:D90),2)) -> 16 | E4: =SUMPRODUCT(E10:E90,MOD(ROW(E10:E90),2)) -> 3 | F4: =SUMPRODUCT(F10:F90,MOD(ROW(F10:F90),2)) -> 2 | G4: =SUMPRODUCT(G10:G90,MOD(ROW(G10:G90),2)) -> 0 | H4: =SUMPRODUCT(H10:H90,MOD(ROW(H10:H90),2)) -> 0 | I4: =SUMPRODUCT(I10:I90,MOD(ROW(I10:I90),2)) -> 0 | J4: =SUMPRODUCT(J10:J90,MOD(ROW(J10:J90),2)) -> 0 | K4: Shooter 2: | L4: Zach Israel | M4: =SUMPRODUCT(M10:M90,MOD(ROW(M10:M90),2)) -> 10 | N4: =SUMPRODUCT(N10:N90,MOD(ROW(N10:N90),2)) -> 7 | O4: =SUMPRODUCT(O10:O90,MOD(ROW(O10:O90),2)) -> 1 | P4: =SUMPRODUCT(P10:P90,MOD(ROW(P10:P90),2)) -> 1 | Q4: =SUMPRODUCT(Q10:Q90,MOD(ROW(Q10:Q90),2)) -> 0 | R4: =SUMPRODUCT(R10:R90,MOD(ROW(R10:R90),2)) -> 0 | S4: =SUMPRODUCT(S10:S90,MOD(ROW(S10:S90),2)) -> 0
C5: =IFERROR((C10 &" %"), "") -> Schreder % | D5: =IFERROR((E3/(E3+D3)),0) -> 0.29411765 | L5: =IFERROR((L10 &" %"), "") -> Cashman % | M5: =IFERROR((N3/(N3+M3)),0) -> 0.17647059
C6: =IFERROR((C11 &" %"), "") -> and Matian % | D6: =IFERROR((E4/(E4+D4)),0) -> 0.15789474 | L6: =IFERROR((L11 &" %"), "") -> Israel % | M6: =IFERROR((N4/(N4+M4)),0) -> 0.41176471
B8: Teams
B9: Shot | C9: Shooter | D9: Miss | E9: Make | F9: Splash-Out | G9: Guy | H9: Tri | I9: Di | J9: Vom | K9: Shot | L9: Shooter | M9: Miss | N9: Make | O9: Splash-Out | P9: Guy | Q9: Tri | R9: Di | S9: Vom
B10: 1 | C10: =IFERROR(__xludf.DUMMYFUNCTION("REGEXEXTRACT(C3, ""( .*)+"")")," Schreder") -> Schreder | D10: 1 | K10: 1 | L10: =IFERROR(__xludf.DUMMYFUNCTION("REGEXEXTRACT(L3, ""( .*)+"")")," Cashman") -> Cashman | M10: 1
B11: 1 | C11: =IFERROR(__xludf.DUMMYFUNCTION("REGEXEXTRACT(C4, ""( .*)+"")")," and Matian") -> and Matian | D11: 1 | F11: 1 | K11: 1 | L11: =IFERROR(__xludf.DUMMYFUNCTION("REGEXEXTRACT(L4, ""( .*)+"")")," Israel") -> Israel | N11: 1
B12: =B10+1 -> 2 | C12: =C10 -> Schreder | E12: 1 | K12: =K10+1 -> 2 | L12: =L10 -> Cashman | M12: 1
B13: =B11+1 -> 2 | C13: =C11 -> and Matian | D13: 1 | K13: =K11+1 -> 2 | L13: =L11 -> Israel | N13: 1
B14: =B12+1 -> 3 | C14: =C12 -> Schreder | E14: 1 | K14: =K12+1 -> 3 | L14: =L12 -> Cashman | N14: 1
B15: =B13+1 -> 3 | C15: =C13 -> and Matian | D15: 1 | K15: =K13+1 -> 3 | L15: =L13 -> Israel | M15: 1
B16: =B14+1 -> 4 | C16: =C14 -> Schreder | D16: 1 | K16: =K14+1 -> 4 | L16: =L14 -> Cashman | M16: 1
